Time,Mean direction of total swell,Mean direction of wind waves,Mean period of total swell,Mean period of wind waves,Mean wave direction,Mean wave direction of first swell partition,Mean wave direction of second swell partition,Mean wave direction of third swell partition,Mean wave period,Mean wave period of first swell partition,Mean wave period of second swell partition,Mean wave period of third swell partition,Significant height of combined wind waves and swell,Significant height of total swell,Significant height of wind waves,Significant wave height of first swell partition,Significant wave height of second swell partition,Significant wave height of third swell partition
12/07/2022 00:19,237.6791688,308.2495771,11.46025638,1.986778246,237.7073223,237.4490961,125.7508791,350.1036104,11.44884753,11.40656038,9.031169292,0,3.506794399,3.499026464,0.221707077,3.299784104,0.051485854,0
12/07/2022 01:19,237.3770296,311.3259192,11.64037691,1.935533672,237.3996891,237.2238645,125.7124248,357.2176392,11.63105709,11.58010908,9.036031413,0,3.577284284,3.571100254,0.200280115,3.378200223,0.049531548,0
12/07/2022 02:19,237.8879195,267.3397194,11.97452999,2.053706214,237.91058,237.8061707,95.22919687,101.7113896,11.96377846,12.0009956,7.973436905,22.82500739,4.005170254,4.003105298,0.131040924,4.024213689,0.162948684,0.002867056
12/07/2022 03:19,237.6571951,276.920328,12.14330792,1.937722052,237.6853485,237.6193932,110.0780282,101.3982624,12.13591191,12.16465079,8.827844219,22.77152406,4.055343505,4.054023826,0.108374386,4.074676594,0.141383929,0.002867056
12/07/2022 04:19,237.4759116,289.4619158,12.31163214,1.916020614,237.4985712,237.460083,114.5167466,101.6125073,12.30468667,12.32706929,9.18985125,22.77019803,4.104810092,4.10348337,0.106249398,4.1238154,0.131949348,0.002788507
12/07/2022 05:19,238.5196651,289.264151,12.51262307,2.758729433,238.6961434,238.196206,93.44931475,125.6628688,12.46926304,12.50020576,9.367097672,8.971497803,4.298613109,4.288774287,0.275185941,4.259314922,0.12635599,0.092531286
12/07/2022 06:19,238.3164078,284.429899,12.78030849,2.825110305,238.4928857,238.0478827,94.05908918,125.9210613,12.73439055,12.75166587,9.399364477,8.968403726,4.395602951,4.385213103,0.28882128,4.350824915,0.125277752,0.092609836
12/07/2022 07:19,238.2779537,287.1656461,12.93093826,2.793378789,238.4544316,238.0094285,94.03711533,126.1243193,12.88616188,12.90254194,9.411740785,8.985200145,4.432526225,4.422417185,0.285810881,4.388929558,0.122582157,0.089860604
12/07/2022 08:19,239.4150958,288.3247679,13.10606805,3.623504421,240.1354275,239.5146351,87.69216519,125.9869828,12.94200029,13.17543799,9.505889134,8.983432101,4.58887597,4.54832747,0.597829946,4.588868592,0.171978925,0.084794163
12/07/2022 09:19,239.4480564,291.7032509,13.24376724,3.685690898,240.2452965,239.6080239,87.65920441,126.1353062,13.06711192,13.29993136,9.517381421,8.996692432,4.610252602,4.567148358,0.622621472,4.605199153,0.169418111,0.082516228
12/07/2022 10:19,239.2777598,293.2139546,13.50283229,4.046044204,240.5474363,239.3827922,88.21404421,126.8659362,13.23609659,13.55716269,9.529315718,9.104985133,4.677739159,4.610771968,0.780755993,4.635212077,0.16476821,0.080277568
12/07/2022 11:19,240.1512167,289.4619158,13.69180006,4.793558476,242.7558035,239.9980592,86.51107058,137.2211055,13.15107946,13.73442146,9.583683075,8.167037735,4.790452309,4.642869607,1.181139141,4.641244086,0.170159399,0.129763739
12/07/2022 12:19,240.1017757,289.8849129,13.80205016,4.928326235,243.2941616,239.9266443,86.44514902,137.155184,13.14730092,13.84489901,9.597385416,8.174109911,4.805115618,4.624340515,1.305450936,4.623295181,0.168002924,0.126032639
12/07/2022 13:19,240.7829622,291.1154498,13.88076782,5.485816142,246.1342756,240.4100683,84.83556427,136.7431746,12.86370056,13.91662698,9.647332662,8.22538319,4.922245427,4.612522748,1.712563213,4.611378285,0.169148551,0.116213954
12/07/2022 14:19,240.0083872,284.0563431,14.15140232,6.060265998,247.3098741,239.6519715,85.36293675,136.5234363,12.67519343,14.19488202,9.658824949,8.197094485,4.988848652,4.506600539,2.130300429,4.525458935,0.16503777,0.112443579
12/07/2022 15:19,239.9149988,283.303738,14.13370786,6.18135638,248.2822148,239.5421024,85.25856094,135.9136624,12.46800353,14.21879135,9.675179357,8.237317488,5.028068588,4.465457201,2.302424454,4.482352138,0.162948684,0.107848435
12/07/2022 16:19,239.5798989,283.2872576,14.0114346,6.391987993,249.3754115,238.9378224,90.26310603,140.7094517,12.17243779,14.19240864,9.692859798,7.438603563,5.102268468,4.441238073,2.508725368,4.433654699,0.170159399,0.083183898
12/07/2022 17:19,239.5414449,284.5507553,13.89052246,6.890938725,252.720923,238.6027216,91.97157312,110.9239195,11.70116998,14.05513616,9.745901121,4.045284914,5.289534829,4.383024628,2.959399898,4.380837838,0.170024619,0.047011863
12/07/2022 18:19,238.569106,283.2707772,13.94360584,7.16466864,253.7152375,237.2513317,91.33433138,95.52026182,11.51245294,14.15613243,9.772863794,4.098326237,5.341121412,4.273163163,3.200763114,4.255342624,0.166116008,0.047718808
12/07/2022 19:19,238.3603553,284.2870688,13.81203165,7.202235837,254.5832027,236.8832703,90.62567461,80.6329892,11.34787656,14.06502967,9.799384456,4.081087807,5.390234665,4.264555159,3.293377172,4.237246596,0.162476955,0.049564721
12/07/2022 20:19,237.2342002,281.4194784,13.80636034,7.881727951,257.6870024,235.0814171,89.219348,73.56840154,10.99122444,14.1404677,9.906351124,4.196452685,5.713180806,4.137915383,3.939019347,4.124698133,0.149875051,0.052903074
12/07/2022 21:19,236.6024546,281.4414523,13.72446675,7.984034735,258.1594391,234.5430585,88.4997043,71.79401443,10.90263869,14.04689156,9.935965863,4.193358608,5.774837373,4.115738832,4.05022705,4.123962522,0.145966439,0.053020898
12/07/2022 22:19,236.7782447,281.2436874,13.59879071,8.015583886,258.0440767,234.0486475,87.81851485,68.81655991,10.88374599,13.96156002,9.954088315,4.140759295,5.805577322,4.160091934,4.049341639,4.148531926,0.141586098,0.051096436
12/07/2022 23:19,234.4435329,279.7439706,13.82813814,8.694528905,260.6479723,231.1645837,84.11592057,61.51575352,10.84029279,14.3709041,10.11674837,4.701671288,6.179756713,3.98603519,4.718181599,3.954772023,0.127703787,0.06480332
13/07/2022 00:19,233.4876744,279.4308429,13.82541592,8.789541088,260.7358675,228.8298654,85.48379294,69.1626478,10.82349928,14.33916242,10.13487082,4.59912473,6.285933207,3.981950036,4.858430804,3.889449777,0.12143653,0.065313892
13/07/2022 01:19,232.2901045,277.9805673,13.80091589,8.99178391,260.4721818,228.209105,85.74747918,77.22155146,10.82517863,14.2319827,10.17951394,4.567299936,6.419316323,3.962691453,5.050033885,3.97154395,0.114360594,0.058597911
13/07/2022 02:19,232.0648735,277.7058939,13.78163347,9.065824113,260.4337277,228.0552883,85.29701519,80.07265643,10.84847962,14.24517405,10.20691862,4.546525418,6.490159541,3.988223666,5.119450159,4.013915136,0.11132805,0.057419669
13/07/2022 03:19,232.1362882,275.6403499,13.92976786,9.5399732,262.0433087,339.2538021,43.34343582,84.25867183,10.96015645,27.55936865,5.959634669,10.27454631,6.852678951,3.897328987,5.636530562,3.897688619,0.160657429,0.101328828
13/07/2022 04:19,234.5479082,274.5416562,13.89165672,9.492375926,261.0215269,339.2702824,44.55749121,83.89061011,11.04601326,27.56184203,6.105056297,10.29885692,6.875468914,4.079993734,5.53152074,3.944620593,0.153985833,0.098618871
13/07/2022 05:19,237.2177199,271.8333764,13.74011954,9.482892945,258.9065484,230.4449411,39.33870106,84.33008679,11.17070505,14.45087666,5.957424614,10.34438405,6.88006224,4.322768605,5.345407212,4.49059098,0.128916804,0.093277506
13/07/2022 06:19,238.7174289,271.8883111,13.71516582,9.356331612,257.6265744,231.0327408,39.9319951,84.09386808,11.31953752,14.49539747,6.022400235,10.42040995,6.918045511,4.642431912,5.128481357,4.664930756,0.123929955,0.092452737
13/07/2022 07:19,241.079608,270.2457641,13.65505002,9.193479637,256.450976,233.7245337,38.7783678,83.74228673,11.40665384,14.45211335,6.199646656,10.43632234,6.86787226,4.83297517,4.876493202,4.919599239,0.114832323,0.090567549
13/07/2022 08:19,249.7427623,263.8953149,13.39553127,8.757809572,255.9181112,235.1583254,25.28092842,81.89648466,11.56262354,14.53084922,6.540879169,10.46858915,6.801269035,5.267460486,4.282559067,5.178975631,0.260596593,0.085893855
13/07/2022 09:19,252.9729049,258.2425361,13.18750793,8.242263622,254.7370194,247.9800491,25.11612452,82.23707909,11.62916782,13.66846471,6.604970768,10.51411629,6.658169268,5.50731739,3.739093397,5.583708732,0.236740582,0.081927107
13/07/2022 10:19,252.3466527,256.4791328,13.19703572,8.196672364,253.7427048,248.2217611,11.8054629,81.20980235,11.66821272,13.60951586,6.833490468,10.48759562,6.528672812,5.426781495,3.612833695,5.513972821,0.450164272,0.07988482
13/07/2022 11:19,250.1273031,256.715352,13.43545723,8.509428396,252.7648706,245.8760559,11.78348905,81.18233506,11.65099938,13.88035077,6.844540744,10.49820389,6.453589601,5.135714267,3.886248813,5.255773406,0.428195177,0.079531347
13/07/2022 12:19,243.0132987,256.3527831,13.93543916,10.13393611,252.2759535,331.584939,27.59367648,79.03988623,11.51665132,27.55648305,7.0752705,10.50616009,6.586442718,3.932490492,5.269793057,3.758658165,0.211334604,0.074229258
13/07/2022 13:19,240.0852954,255.5177759,14.01347627,10.16274979,251.0124598,330.2774968,29.00000309,78.65534413,11.48957178,27.55483413,7.155274496,10.49334177,6.667179253,3.899517463,5.403490216,3.813681858,0.1987327,0.073247389
13/07/2022 14:19,237.4923919,253.9081897,14.20516626,10.25338521,249.5017609,328.975548,25.3138892,78.73774601,11.48537341,27.55236075,7.275059484,10.50792813,6.793142381,3.792719863,5.635468068,3.787641233,0.177437504,0.072501169
13/07/2022 15:19,238.5581192,248.9146271,14.25507371,10.37119302,246.260625,11.50879012,79.27068593,249.8424988,11.56052435,7.364236019,10.56008543,0,6.938538811,1.691053987,6.439244764,0.327621947,0.069141997,0
13/07/2022 16:19,235.069785,247.4094168,14.3535275,10.39180027,244.0467644,326.0200692,11.51980281,79.49034983,11.646801,27.54823845,7.428879321,10.57953392,7.122801844,3.982971325,5.895424928,3.810886536,0.301097899,0.068298772
13/07/2022 17:19,230.1037155,245.5910789,14.74325934,10.80394525,241.5417509,325.0312474,11.8054629,78.22136091,11.98896872,27.5432917,7.72988883,10.73733185,7.864977303,4.312263923,6.576837734,4.235922497,0.289169894,0.064646221
13/07/2022 18:19,230.6310857,245.2614708,14.59149531,10.42809091,239.7179252,324.0259451,12.58004123,76.79855515,12.14808721,27.54040609,7.798400539,10.65290775,7.909143897,5.074728753,6.062413566,4.942256054,0.267672528,0.062211187
13/07/2022 19:19,230.4827629,244.4154767,14.58128697,10.13685395,238.1467983,219.3756295,11.28358389,76.95237199,12.280546,15.64098378,7.836855498,10.65688585,7.897483916,5.479304905,5.684165709,5.375677978,0.244490416,0.061111495
13/07/2022 20:19,230.1806237,244.3550485,14.52843044,9.790360391,236.899785,224.9569797,11.47036164,76.96335891,12.39054348,15.24318213,7.853651917,10.67324025,7.834237353,5.791527395,5.267845151,5.673011891,0.227306001,0.060011802
13/07/2022 21:19,229.197298,245.9701282,14.30815709,8.889841856,234.9935577,225.407443,11.55825705,77.6006001,12.50935754,14.86104521,7.839949575,10.69268874,7.636901007,6.239435361,4.400318817,6.176611093,0.205202127,0.058165889
13/07/2022 22:19,230.2245712,250.2330595,14.04500871,8.260682491,235.4550075,229.5550014,24.87441214,76.65023177,12.59290525,14.23033378,7.870448336,10.78462703,7.639551003,6.609871297,3.827811644,6.684623959,0.219353998,0.049996743
13/07/2022 23:19,229.559865,250.9087561,14.04523556,8.208708456,235.0045446,228.9397345,27.40689873,76.83700936,12.6080194,14.22415033,7.802820649,10.77976491,7.478607932,6.490672336,3.711645636,6.547211849,0.211536774,0.049761095
14/07/2022 00:19,228.5435787,251.6558678,14.09446246,8.263053236,234.680431,227.9014715,29.85698337,76.97983928,12.58933663,14.25918986,7.739171061,10.77357676,7.324731516,6.305089623,3.723155987,6.374343294,0.204326059,0.049446897
14/07/2022 01:19,228.3073607,252.8864046,13.99986515,8.056980749,234.460693,227.3960737,98.11875858,77.08970845,12.5433644,14.12974973,7.366997777,10.77092469,7.171738431,6.22878478,3.551563209,6.291072144,0.125614701,0.04905415
14/07/2022 02:19,230.0817418,249.4365066,13.840615,8.046768307,235.3011909,228.6595683,36.00966229,76.39753268,12.32819758,14.08646561,7.69541197,10.85800086,7.013622022,6.028174535,3.583792193,6.004772394,0.193341511,0.045048126
14/07/2022 03:19,230.7025004,249.2662091,13.61013332,7.660883896,235.0649725,229.2199007,38.41579922,76.45246726,12.26228306,13.83830334,7.615849985,10.84695059,6.806569026,5.984405027,3.240429556,5.952691144,0.188354662,0.044851753
14/07/2022 04:19,231.0870412,248.936601,13.42661,7.29907167,234.7738196,229.8351676,41.17901127,76.48542801,12.20602481,13.63672302,7.542034144,10.83457428,6.587856049,5.892926755,2.939743759,5.855296265,0.183839541,0.044655379
14/07/2022 05:19,231.5979311,250.5242133,13.11990602,6.621038475,234.4771733,230.4998757,44.42015463,72.18954344,12.16530055,13.29251123,7.449211828,10.78285899,6.358896422,5.871625595,2.435590366,5.838230093,0.178852691,0.047836633
14/07/2022 06:19,234.1468871,245.3823271,12.91778084,6.406394831,235.7241866,232.7961398,46.44724259,76.32062426,12.04165835,13.06825827,7.483246677,10.86286299,6.1877067,5.756219992,2.269487141,5.76496325,0.180941777,0.042691642
14/07/2022 07:19,234.020538,246.7831615,12.72132696,6.068290059,235.4879682,232.7796595,50.51240545,67.97056729,11.99841507,12.85431106,7.426669266,10.69047868,5.961573735,5.628121232,1.964905533,5.632259049,0.176898385,0.043987708
14/07/2022 08:19,232.9932648,253.1445976,12.53372031,5.572621898,234.8617149,231.6040601,113.4674951,68.71767765,11.92137485,12.68364797,7.121681658,10.69622483,5.636330931,5.382282495,1.670417618,5.374206756,0.123390836,0.043084389
14/07/2022 09:19,234.6248164,254.6003667,12.29121546,5.012578881,235.8065884,234.3233203,111.0174104,72.26645186,11.87666214,12.34685631,7.222460172,10.75457028,5.421681281,5.264688417,1.292701009,5.297556104,0.125345142,0.036996805
14/07/2022 10:19,234.9049818,260.3465344,12.06572452,3.983492997,235.5538896,234.8342116,112.4402174,71.6127303,11.86931498,12.05623438,7.196381521,10.7713667,5.245544901,5.180359165,0.808912083,5.221935306,0.123997344,0.035190167
14/07/2022 11:19,234.6962311,268.625191,12.00265964,3.738759122,235.3231647,234.6529276,114.7804328,66.48733349,11.85462066,11.99275101,7.083668709,10.69224673,5.083718498,5.036795179,0.66423582,5.07466601,0.123053886,0.039235465
14/07/2022 12:19,235.6850502,289.9673149,11.86291878,3.145890399,235.9768853,235.0978974,126.3386796,71.34355083,11.80969803,11.91319068,6.81271595,10.72804962,4.922068761,4.90679974,0.379310351,4.939902099,0.113417136,0.034326122
14/07/2022 13:19,235.4103782,307.8210865,11.83365486,3.263515845,235.740667,234.8616789,126.3331862,65.72923621,11.78429785,11.87650223,6.800781652,10.66395802,4.786035649,4.772281452,0.363018776,4.804402577,0.114225815,0.038685618
14/07/2022 14:19,234.2347821,313.0343879,11.83115949,4.181359059,235.5538896,233.9882195,126.2892385,66.53677462,11.66863256,11.84311163,6.801223663,10.66793612,4.596295958,4.544971807,0.667246219,4.589015714,0.116719239,0.038096497
14/07/2022 15:19,233.3118843,310.8040398,11.87834472,5.303451109,236.899785,231.5051779,127.1736861,66.21266057,11.50132724,11.98203303,6.724755756,10.68031243,4.49859945,4.36595452,1.072233508,4.309630706,0.120223512,0.037311003
14/07/2022 16:19,230.6640464,297.5647814,12.05234024,6.085432372,238.9213749,229.2803287,125.4871928,66.43239891,11.22318477,12.12919903,6.785311266,10.67279824,4.465739504,4.142000537,1.662271831,4.111457138,0.118875715,0.037232453
14/07/2022 17:19,229.9663795,293.7797818,12.37878035,6.29041067,241.6955675,228.9617083,126.0804869,66.18519327,11.16713643,12.41404975,7.048307827,10.90883213,4.743459052,4.243399897,2.115248431,4.231361709,0.122582157,0.039667487
14/07/2022 18:19,228.3458148,294.5708413,12.32229419,6.7559886,246.8923718,226.8632085,121.3780823,71.12381249,10.66794942,12.40333178,6.936479037,11.06618806,4.773492336,4.000041433,2.602756085,3.972720928,0.124738633,0.034797419
14/07/2022 19:19,228.5490721,295.389368,12.21635428,6.746687983,249.5347216,227.2422569,127.4373723,71.15677324,10.41247818,12.30315996,7.50181114,11.08342649,4.751409039,3.888575086,2.729015787,3.866057352,0.112271509,0.034797419
14/07/2022 20:19,228.9885473,298.6415012,11.94934941,6.925040986,254.0228708,227.4510082,129.5358753,70.96999565,10.09634039,12.08632715,7.478384556,11.08828861,4.69770246,3.731296654,2.853327582,3.739090916,0.112810627,0.034365397
14/07/2022 21:19,230.4443088,298.5700861,11.81527984,6.876349522,255.7972553,228.752957,126.5694051,70.9370349,9.968919654,11.97378844,8.004819688,11.09668682,4.66696251,3.690299214,2.854212994,3.714521513,0.105599912,0.034404672
14/07/2022 22:19,231.0980281,301.0641207,11.66941397,6.906439753,257.1761115,229.2583549,130.1291693,70.3547283,9.886421547,11.8163167,7.870006325,11.08917263,4.617849256,3.64973947,2.825702739,3.672591693,0.104521675,0.033501353
14/07/2022 23:19,227.6371611,298.5481122,11.72453902,7.300712955,261.1588632,224.8745779,126.5034835,70.21189837,9.68007132,11.93503885,8.711153308,11.24564453,4.724202416,3.464594451,3.211742218,3.481921356,0.110721542,0.033304979
15/07/2022 00:19,228.2194657,297.2956015,11.5897889,7.388612901,263.3617369,224.4076342,106.8204045,70.39867596,9.553910092,11.86578426,7.855419961,11.23547828,4.701235787,3.375012858,3.27265854,3.391882585,0.132690636,0.03240166
15/07/2022 01:19,230.9661855,297.125304,11.4350758,7.331897376,263.9770034,225.7645176,106.8313914,70.33824792,9.527880155,11.77014697,8.13035082,11.23282621,4.675619162,3.420387248,3.187659021,3.436607726,0.133162365,0.032323111
15/07/2022 02:19,232.795501,297.5922488,11.33548775,7.276093675,264.1527938,227.4455148,106.8753391,70.28331334,9.522422265,11.65884495,8.48351763,11.22575404,4.631275901,3.44518997,3.094513716,3.49030732,0.133634095,0.032205286
15/07/2022 03:19,240.8104294,299.7951295,11.00587171,6.901515897,264.3285842,243.0249528,168.1274551,62.60345831,9.574272221,11.43005748,11.16254646,5.763381773,4.557606021,3.678043752,2.691651415,3.428810251,1.33869959,0.087268471
15/07/2022 04:19,241.6948732,303.4812467,10.91513089,6.765471582,263.9879903,244.9696358,167.7209388,122.5261039,9.598622807,11.23630952,11.24343448,5.77045395,4.480049481,3.701533388,2.523423202,3.448818866,1.364779466,0.051253535
15/07/2022 05:19,240.6895738,308.3484595,10.8951679,6.735198986,263.911082,246.0738203,167.3418899,119.6969728,9.608069155,11.10851832,11.30531602,5.384578324,4.408499597,3.663453916,2.452236105,3.397767472,1.390791953,0.050900062
15/07/2022 06:19,233.7238923,311.4302951,10.98749669,7.014764583,264.9163834,244.282954,166.0728998,119.1201597,9.559997739,11.13654993,11.31062015,5.160036722,4.292959785,3.435998373,2.573183336,3.133241803,1.485137758,0.05345292
15/07/2022 07:19,226.461565,310.1173562,10.92533923,7.159380054,268.0476503,239.8772032,165.7762528,116.3789238,9.234833444,11.08378453,11.12585955,4.962015782,4.162579998,3.089927463,2.788869614,2.776470532,1.445916859,0.053884943
15/07/2022 08:19,219.364041,312.6388581,10.91876052,7.239438304,272.8434327,241.6186284,170.1380627,162.5349624,9.035620458,11.05080616,10.90175996,3.120597846,4.168056655,2.912077362,2.981712272,2.308622019,1.722821798,0.052196129
15/07/2022 09:19,215.8976805,313.8199538,10.84231137,7.305089716,281.9515739,239.4102595,169.2041739,160.9198856,8.748661394,10.95104657,10.90573805,2.981806384,4.276529812,2.730142107,3.290543855,2.098531554,1.669449028,0.067827475
15/07/2022 10:19,210.442695,311.9411877,10.84526045,7.475053927,288.0438107,236.6964928,168.8470988,159.0246424,8.589332989,11.01741555,10.94419301,2.969872086,4.437119551,2.550395328,3.630541928,1.930665154,1.625915178,0.068180948
15/07/2022 11:19,208.8880515,310.6721965,10.78695947,7.614380812,291.9496542,236.3449117,168.5394649,148.9221722,8.524887903,11.04462271,10.97690183,3.263809419,4.578982653,2.452935223,3.866769757,1.868579597,1.576181461,0.066845607
15/07/2022 12:19,209.0198941,309.8316959,10.70302421,7.76319068,294.2294362,235.8450073,168.292259,91.17493612,8.525097822,10.95887894,10.99856037,4.393147591,4.687632476,2.385676079,4.03499797,1.810466338,1.52328042,0.108162633
15/07/2022 13:19,210.6349653,310.0734085,10.48184346,7.835407233,295.8994452,238.3390358,167.7374192,89.60930044,8.55091784,10.82284314,10.88186946,4.528402966,4.628095906,2.406247748,3.953185934,1.873875995,1.502591732,0.105295577
15/07/2022 14:19,229.0874292,311.0622328,10.29015347,7.758996284,296.4762575,336.210428,167.0782036,86.7801693,8.611584387,21.80175654,10.83634232,4.688410957,4.481816144,2.598687685,3.650198067,2.205636497,1.452251506,0.106198896
15/07/2022 15:19,255.0384382,312.2927696,10.15404224,7.481436703,296.3938557,340.3415061,167.0397494,83.86314282,8.68022785,21.97942754,10.80186546,4.83604264,4.368396329,2.917183805,3.245564943,2.63287929,1.409728504,0.105531225
15/07/2022 16:19,282.7693216,309.210934,9.787903017,6.657329117,296.5366855,227.6103184,166.3530665,74.61765211,8.662174829,10.6307441,10.46505306,5.480052705,4.109226751,3.283388688,2.467111021,2.952870018,1.395778803,0.085265459
15/07/2022 17:19,287.9441418,310.326108,9.641356588,6.043853145,296.3444147,309.2320711,166.4684292,227.6709002,8.725990158,9.438988061,10.41598984,10.56892565,3.98096696,3.429578845,2.013249009,2.960961738,1.349347188,1.13610039
15/07/2022 18:19,292.2125444,310.0953824,9.326712786,5.081695228,296.360895,311.187741,165.3862169,227.0666197,8.668262475,9.112502144,10.1578554,10.28515457,3.674450792,3.377493131,1.4471168,2.915942353,1.313293613,1.065445133
15/07/2022 19:19,291.4983972,320.0770141,9.299717391,4.828572562,296.531192,309.3309533,165.6114489,227.3248123,8.760836687,9.103020861,10.0937638,10.19277427,3.576577618,3.353857596,1.242055462,2.916677964,1.274140103,1.036931672
15/07/2022 20:19,288.6582889,325.5704823,9.474620327,5.293603397,297.2233668,306.2491251,165.8641482,227.2204366,8.794423703,9.424560022,10.03144024,10.10172,3.506794399,3.208834626,1.414356569,2.769261545,1.235930052,1.024049558
15/07/2022 21:19,283.8185686,327.4877027,9.629787133,5.851275669,299.4756816,303.8100311,166.4464553,226.9402702,8.695342007,9.787322151,9.847563657,9.953204293,3.362634633,2.914119939,1.673782183,2.488993804,1.186128945,1.001820055
15/07/2022 22:19,270.4750036,324.839851,9.911991091,6.631433282,302.1949396,220.9467576,160.4420999,94.33916823,8.524677984,9.740327966,9.912097267,6.172241973,3.399027907,1.537714811,3.018722479,1.061761595,1.051416612,0.16126208
15/07/2022 23:19,264.1190939,329.1357431,9.953958722,6.710397342,306.6006871,221.2983387,160.2937764,93.94913268,8.34687672,9.439400291,9.59473335,6.087375856,3.349561321,1.433543382,3.02722243,1.019684653,0.971290068,0.268442845
16/07/2022 00:19,258.3949298,329.6026879,10.1111672,6.900239342,309.2924779,221.5455442,159.9147275,89.8125584,8.264798451,9.425796711,9.516055388,6.164727785,3.437364512,1.368472713,3.153127967,0.978784689,0.930047473,0.229168105
16/07/2022 01:19,249.814177,328.630344,10.3321211,7.195670696,313.4949677,273.7333656,221.2602323,159.2443807,8.165086998,11.41851504,9.328642712,9.515171366,3.663674143,1.808356269,3.158440437,1.617147801,0.891635252,0.876690735
16/07/2022 02:19,249.9570065,328.6248506,10.42172766,7.273905295,317.2469945,221.9081122,158.854489,87.67560304,8.060127575,9.255545848,9.367981694,6.322083711,3.767200641,1.257006366,3.542886175,0.824894895,0.792639546,0.230385622
16/07/2022 03:19,256.2415015,327.6689871,10.62113062,7.416150021,318.0710121,158.6729531,202.0111369,88.50511527,8.135908279,9.364786716,8.666510195,6.525408783,3.985030287,0.960686797,3.850124018,0.734267636,0.322460485,0.190718135
16/07/2022 04:19,266.1791338,326.7076302,10.78242243,7.651583279,319.8069425,346.7908222,157.5250709,175.373175,8.262069506,27.59028588,9.277811444,7.869564314,4.21858324,1.862922255,3.784780638,1.757649478,0.637305916,0.331518076
16/07/2022 05:19,277.8471997,324.1586609,10.8502512,7.852731911,318.4500602,347.9829019,157.2229304,176.4718667,8.466740382,27.5878125,9.275601389,7.885918722,4.389949627,1.986644065,3.914759068,1.876965561,0.585280943,0.301119428
16/07/2022 06:19,292.0312609,322.2908818,10.80737616,7.775956232,316.6262345,348.5432343,157.0031919,176.834435,8.592901609,27.58410243,9.165982655,7.809450815,4.367336331,2.266914814,3.732364268,2.18960018,0.524899628,0.269621087
16/07/2022 07:19,299.5023388,318.4124932,10.88450586,7.968898437,314.6760596,15.7497373,156.7889468,177.8617117,8.80030143,27.56596433,9.153164335,7.836413487,4.437296217,2.366417496,3.752374571,2.250655882,0.482915744,0.248687651
16/07/2022 08:19,300.5625727,316.3854034,11.03468192,8.098559976,312.9346357,26.56085651,156.5747018,87.92830213,8.972644804,21.833086,9.138577971,6.218653131,4.519976082,2.46562838,3.788145202,2.414991351,0.444975253,0.124147452
16/07/2022 09:19,295.2668969,316.1601713,11.31280254,8.247187478,311.8194652,25.98404375,156.3549632,87.90083484,9.095027492,21.82978816,9.127527695,6.298215115,4.628625905,2.433238945,3.936717277,2.382330228,0.409460796,0.11311125
16/07/2022 10:19,296.2172619,317.5555122,11.33344608,8.214544137,312.9950637,27.29697946,155.1354144,168.4898715,9.080962929,21.84091836,8.917572458,7.542918166,4.569442668,2.408144427,3.883061331,2.343048607,0.334051541,0.205642536
16/07/2022 11:19,302.078762,315.3251641,11.30418216,8.224756579,312.3303561,15.82664566,154.822287,170.8026175,9.156953552,27.57132331,8.921992568,7.532751912,4.648059207,2.555355872,3.881113425,2.467808211,0.304130443,0.193388817
16/07/2022 12:19,321.2343862,304.7392509,10.75996408,7.843431294,312.7258846,16.52431443,153.9268524,72.40928179,9.10993173,27.57132331,8.856574936,6.15367751,4.557076022,2.118827979,3.91033201,2.493848836,0.256216252,0.21479355
16/07/2022 13:19,323.0801819,278.5189272,10.13226444,6.934706333,309.8088623,327.0033977,153.6906335,67.50362332,9.200196835,10.35331352,8.863205102,5.640944719,4.473512825,3.734360519,2.438777848,3.654201421,0.233505869,0.221509531
16/07/2022 14:19,324.2392977,252.5458096,10.1395237,6.677571636,298.3385373,327.1901751,66.50387717,148.081673,8.862017572,10.06557719,6.104614286,8.850386782,4.305149765,3.42024135,2.607891473,3.470151582,0.211941113,0.17866079
16/07/2022 15:19,323.1296228,248.2114632,10.36932484,6.830028804,287.3076883,326.8825416,60.87857073,223.1717576,8.713814865,10.38711635,7.165440749,26.28285965,4.426519568,3.228385007,3.027399513,3.21621871,0.345844767,0.031694715
16/07/2022 16:19,314.697193,245.2120296,10.35321834,7.199865091,274.4090662,321.4605017,46.20003674,216.6125682,8.752859771,10.75894754,7.962828641,26.29302591,4.454432856,3.124505374,3.174732011,3.068360925,0.501245787,0.032637309
16/07/2022 17:19,298.5025328,246.5744097,10.05944493,7.183269873,267.8663664,319.7190765,46.74938308,215.9698335,8.750550664,10.80676618,8.111786357,26.24661475,4.331649722,3.197016859,2.920973032,3.134860147,0.480961438,0.0338941
16/07/2022 18:19,280.1489509,255.929786,9.883861436,6.778237134,268.470646,320.2574351,55.297212,15.70030939,8.831789258,10.91023583,7.930119825,25.32148567,4.202153266,3.412362839,2.449048623,3.37187397,0.491609037,0.018930424
16/07/2022 19:19,265.9374225,277.5026356,9.657916788,6.212358436,270.2724978,321.3396457,214.2285993,68.78359916,8.772592143,11.25114979,8.313343385,7.863818171,3.905177083,3.366258957,1.979426284,2.408959341,2.393822645,0.268364295
16/07/2022 20:19,270.0080613,287.6490713,9.508421283,6.134123836,277.6172414,216.2608406,328.6354664,69.80538244,8.490461212,8.030399202,11.40742057,7.836413487,3.523577705,2.947530664,1.928780738,2.226086479,2.104585361,0.269463988
16/07/2022 21:19,314.2192637,245.5361442,9.603018591,6.307552983,278.9796171,325.5696059,91.82874307,203.1151406,8.216097278,10.18883387,7.383352185,25.40237369,3.375177946,2.568778521,2.187498022,2.672455155,0.174270181,0.026903197
16/07/2022 22:19,312.2800795,231.2036857,9.43855085,6.204516739,275.7549616,323.3282763,306.897832,68.36609631,8.189227666,10.85334814,6.160749686,7.408104803,3.336841342,2.614590606,2.07257159,2.176212062,1.582246548,0.143627722
16/07/2022 23:19,300.9800741,231.2201661,9.213967314,5.646115007,267.1027768,330.9367114,208.1198681,49.27632792,7.969442633,10.70412099,25.12788484,6.473251482,3.043575153,2.452205731,1.794906496,1.850777814,1.513913229,0.182548989
17/07/2022 00:19,295.7667999,226.9407544,9.137971875,5.481621747,267.1961655,330.0522651,208.2901654,58.88988035,8.067894572,10.49017378,25.10976239,6.906864299,3.005945214,2.514796128,1.626147036,1.887558357,1.558457927,0.165268104
17/07/2022 01:19,294.1022876,219.5630266,9.169050607,5.604353414,262.7354835,328.662421,203.3350615,73.30471553,8.091405483,10.24695826,25.36126666,8.304503164,2.933865331,2.434114335,1.614459602,1.838713795,1.500300477,0.126935958
17/07/2022 02:19,297.5466743,224.7818214,9.375259126,6.125735045,254.3250106,332.3485293,215.2009423,14.16214101,7.916333164,10.61178154,26.25633899,5.541492238,3.008418543,2.232482801,2.015905244,1.682322925,1.481700875,0.129803014
17/07/2022 03:19,297.8652938,216.8822141,9.443995299,6.212540801,248.5349136,331.5135241,204.4337542,49.11152417,7.880856879,10.53675573,26.44728775,7.042561684,2.997995227,2.151509211,2.085852764,1.611115792,1.451510218,0.153132209
17/07/2022 04:19,296.5468683,212.1413511,9.489819414,6.348220385,241.5417509,330.5631564,199.143549,36.47107609,7.800248042,10.51160972,26.38717425,6.638121595,3.072371773,2.086146746,2.253372649,1.528580253,1.424891223,0.146730427
17/07/2022 05:19,297.7114775,212.2786878,9.610958413,6.500859918,238.6796631,333.9526181,195.3310855,55.45646877,7.793740557,10.34877899,26.50474919,7.439929597,3.175898271,2.046900087,2.427975826,1.452223845,1.432371497,0.126935958
17/07/2022 06:19,285.4006792,214.2673233,9.715764063,6.693437394,233.8289461,271.7392415,357.6024985,87.30204786,7.855036861,10.07794408,10.15652936,5.87388453,3.366874626,2.087459831,2.641537116,1.867549741,1.002087234,0.073286664
17/07/2022 07:19,282.8572166,216.2065175,9.764990959,6.80850973,233.7740116,194.6386022,357.8057566,82.87432028,7.904157871,26.54940591,10.07608336,5.701942241,3.43012119,2.085417254,2.722463741,1.819293668,0.960709859,0.074779104
17/07/2022 08:19,277.9131209,217.0140573,9.994111536,7.029718515,233.2191731,203.6918158,358.0694428,82.85783991,8.073142543,27.60017939,10.09111173,5.768685906,3.633994192,2.15515667,2.925400091,1.890206556,0.929036625,0.073679411
17/07/2022 09:19,278.0944045,217.6183389,10.12024128,7.195670696,232.6808149,203.4555973,6.421868848,80.90216867,8.147243896,27.60388946,9.989449197,5.801394722,3.77603396,2.150633821,3.102836585,1.926545733,0.789472222,0.073483038
17/07/2022 10:19,270.167371,215.6626642,10.2436488,7.287765038,231.3294261,272.8049718,7.921584334,89.85101261,8.31224011,10.66289802,10.0137598,6.073673514,3.97266364,2.338550909,3.211210971,2.202546931,0.704560998,0.070183959
17/07/2022 11:19,266.4867664,216.0746743,10.28629698,7.35742848,230.9668583,271.6623331,8.32810062,90.10920516,8.398726675,10.76430652,10.01817991,6.048920896,4.0380302,2.407560833,3.241669132,2.285818082,0.669787829,0.071362202
17/07/2022 12:19,262.0920147,215.9702984,10.33915351,7.475053927,229.9285962,269.7835716,9.992620005,92.12530444,8.506415044,10.87189847,10.05265677,5.95565657,4.110640082,2.466649669,3.28788762,2.369089232,0.589526505,0.074936203
17/07/2022 13:19,261.5371773,216.5690864,10.37000539,7.568971919,229.4946136,269.2781737,10.42111014,92.53182038,8.536853277,10.89539556,10.05530884,6.012233981,4.123006729,2.422150669,3.335699849,2.383065839,0.558931508,0.07458273
17/07/2022 14:19,254.0056715,216.4482301,10.32191276,7.401560818,229.049644,266.2677604,10.76719833,92.94382977,8.560574107,10.94156529,10.0535408,6.113896517,4.107460087,2.587599409,3.189961092,2.510915008,0.529886478,0.074150708
17/07/2022 15:19,251.7149072,217.244783,10.20304228,7.38460087,228.220133,266.4160837,11.38246623,91.47158288,8.483323971,10.93167178,10.08934369,4.376793184,3.984323621,2.487804931,3.112221949,2.431469034,0.522136644,0.063467979
17/07/2022 16:19,246.8861737,219.3432879,10.13430611,7.35742848,228.1816788,265.1306153,11.75052827,91.47158288,8.462751924,11.0013386,10.08403956,4.417016187,3.946517016,2.48970161,3.062284732,2.438825143,0.496865446,0.061347143
17/07/2022 17:19,240.9532589,222.337228,9.918569801,7.218466325,228.330002,265.2294975,12.06365568,93.30090457,8.312659948,10.92095381,9.936407874,4.499230238,3.783630615,2.40872802,2.917962633,2.363792834,0.460003192,0.056162877
17/07/2022 18:19,234.7731392,225.9244628,9.756370581,7.184911159,228.9068143,265.2459778,12.28339421,110.3525998,8.278863014,10.94939765,9.94790016,5.495965102,3.716144058,2.42390145,2.816848622,2.378799296,0.440055793,0.152660912
17/07/2022 19:19,223.1709947,233.4450207,9.59190284,7.220289975,229.9615569,161.414187,12.19000533,109.4132184,8.234989974,21.86317876,9.954972337,5.979083154,3.637350853,2.379110653,2.751151078,2.336869476,0.420984462,0.149597483
17/07/2022 20:19,219.6936474,237.8672626,9.492314787,7.151720723,231.5107099,160.8483612,12.28339421,123.6028218,8.169495294,21.23452848,9.964254568,6.191690458,3.56332764,2.349639184,2.678901487,2.295233901,0.404676116,0.29707413
17/07/2022 21:19,213.4311261,243.05859,9.336240572,7.233602623,233.6696361,178.7405437,12.31086153,117.0820865,8.070203679,8.044415011,9.974420822,2.340890396,3.518101047,2.219060152,2.729901198,2.18415666,0.389985126,0.036486233
17/07/2022 22:19,198.7801225,246.2063473,9.011842132,7.516450789,236.3669203,267.1741805,64.44382843,163.45237,7.932286997,27.59976716,8.546283196,22.28089182,3.540184344,1.866569714,3.008097539,1.823707334,0.397061061,0.020344315
17/07/2022 23:19,192.7428323,247.9807375,8.762758574,7.539246419,239.5036807,269.4924185,79.25420554,163.3040466,7.803606743,27.60017939,8.425172174,22.3803443,3.623394209,1.684050866,3.208200572,1.651427268,0.329064692,0.019715919
18/07/2022 00:19,193.5778352,251.2823119,8.629596416,7.505326522,242.2943536,181.7619439,38.56412273,168.5008584,7.741260845,8.183748647,9.74545911,24.9700869,3.678160786,1.684634459,3.269825222,1.66849344,0.231282003,0.014531654
18/07/2022 01:19,190.814635,254.4245757,8.402971212,7.542893719,245.5190091,183.7450812,38.33339727,275.6068193,7.699067157,8.182099728,9.848447679,27.5996105,3.75359733,1.599283919,3.395907841,1.583751068,0.221847423,0.014806577
18/07/2022 02:19,190.1719026,254.3147064,8.415448075,7.567512999,248.3426428,278.1281295,173.6099315,113.7200899,7.684582757,27.5989427,27.53242482,8.326603716,3.844580515,1.428291041,3.569625607,1.192406085,0.686096176,0.384028403
18/07/2022 03:19,216.7491637,249.5298956,8.504374081,7.626781635,248.0954375,226.2754089,307.430698,43.34339271,7.72215823,27.57585784,27.54701119,9.276927422,3.973723638,1.308800284,3.752020407,1.000705893,0.789674392,0.296563558
18/07/2022 04:19,246.9905491,247.0248741,8.74801319,7.672190528,247.0297081,224.2867782,308.4634691,41.11854201,7.80045796,27.58286575,27.54922124,9.380358002,4.021246894,1.388168992,3.773978616,1.076032446,0.830580038,0.281874805
18/07/2022 05:19,280.6323736,242.5641779,8.903179997,7.728723688,245.420127,222.0564355,308.7436357,29.05490708,7.878547772,27.59028588,27.5514313,9.7971744,4.081666796,1.457908408,3.812228399,1.151064755,0.859557678,0.248098529
18/07/2022 06:19,280.5170113,238.9549693,9.113245001,7.757537364,243.2831747,314.9287838,216.6237493,13.30516148,7.962935148,25.15483286,27.59342235,8.923318601,4.140320034,1.611831178,3.813467975,1.190493497,1.041173354,0.31133086
18/07/2022 07:19,281.5387911,236.6257388,9.0635644,7.724529293,241.0912879,214.2886903,307.5790215,14.31046439,7.91528357,27.59523264,27.54922124,9.000670531,4.071596812,1.536839421,3.770259887,1.255962865,0.838195092,0.285880829
18/07/2022 08:19,278.0284832,234.3734168,9.243911785,7.798569496,239.1960474,212.0034131,306.3924334,15.52451872,8.018563643,27.59976716,27.54568515,9.188967228,4.162756664,1.624232538,3.832769949,1.350121056,0.861175035,0.271781197
18/07/2022 09:19,272.0900749,232.5221181,9.478930516,7.829936282,237.7347895,210.0477431,305.2827538,16.93633756,8.118904852,27.60265277,27.54214907,9.312288304,4.211163252,1.762690082,3.824624162,1.484737845,0.913739126,0.260312973
18/07/2022 10:19,268.2831212,231.1981922,9.524754631,7.891575663,236.8009029,208.4381609,304.3159043,18.1503919,8.21399809,27.60430169,27.53905499,9.381242025,4.21027992,1.871238462,3.771499463,1.59066581,0.953094805,0.250415739
18/07/2022 11:19,262.1139885,228.4954059,9.753194652,7.758449189,236.0373133,208.5260561,15.89259961,225.4845037,8.294187089,27.63563115,9.587219163,0,4.188549955,2.170475998,3.582198452,2.157527546,0.236471023,0
18/07/2022 12:19,259.1749982,220.5573443,9.735727044,7.390071821,235.899977,169.4620984,190.1177888,358.9700525,8.386761301,21.61666541,27.59872648,8.71159532,4.064000158,2.646104652,3.082826282,2.256835014,1.254057925,0.301158703
18/07/2022 13:19,254.2473829,217.4919891,9.744574274,7.064914967,235.5264224,168.5556784,188.4093217,359.7391367,8.445958416,21.60842081,27.59916849,8.800881547,3.986266951,2.86159653,2.77488011,2.507236954,1.374281437,0.290750897
18/07/2022 14:19,254.7912334,215.9922723,9.820796565,7.059444016,235.0210249,167.8360358,187.1238513,0.571324607,8.47429746,21.59605392,27.5996105,8.880885543,3.929203711,2.812428782,2.743890702,2.479577985,1.345438576,0.281403509
18/07/2022 15:19,256.9391683,213.8663001,9.81036137,6.941818569,234.9770773,264.5483091,34.1199109,162.6887792,8.405863916,10.11834259,9.929777708,19.93602332,3.807657242,2.720221019,2.664026572,2.700996857,0.179863539,0.024428888
18/07/2022 16:19,252.8355689,215.1352912,9.772023373,6.751611839,234.6364834,262.2740187,35.32847283,161.6889698,8.397887,10.16245117,9.859055944,19.03034273,3.750594002,2.768951071,2.529798166,2.748958685,0.177572284,0.021404733
18/07/2022 17:19,254.7088318,213.4762638,9.654740859,6.548457192,235.2737237,263.7352777,37.17427651,160.8924183,8.275294393,10.07629517,9.778167926,19.02459659,3.57357429,2.66405015,2.382111502,2.661420992,0.176898385,0.020854887
18/07/2022 18:19,251.8412563,212.5258938,9.595078769,6.320318535,235.0979332,261.2412492,37.82250518,168.3360546,8.289568875,10.02641537,9.778609937,24.97981115,3.525697701,2.733789566,2.226279052,2.737483156,0.175483198,0.019951568
18/07/2022 19:19,248.5671662,214.2728167,9.532467601,6.086161832,235.0649725,259.1427495,38.3883319,165.9079459,8.27949277,10.00580389,9.750321232,25.08147368,3.441427838,2.745461435,2.074696578,2.758521627,0.172585434,0.018969699
18/07/2022 20:19,250.4239488,216.1790502,9.395902663,6.04549443,235.6362914,265.3833142,38.89373053,162.1119661,8.083638486,9.942320515,9.744575088,18.33594341,3.252748146,2.53682678,2.0353843,2.480902084,0.170833298,0.021561832
18/07/2022 21:19,249.4076625,217.4150805,9.340323909,5.991696745,235.5758634,265.7294019,39.08600174,161.9471623,8.044173742,9.929541395,9.74545911,18.3315233,3.178901599,2.488534423,1.976770049,2.41969926,0.167598584,0.020854887
18/07/2022 22:19,253.3849128,218.4423591,9.236198815,5.938081425,235.9878722,268.6354395,38.2839561,166.8583143,7.760363461,9.874714846,9.831209249,18.30809671,3.020608524,2.245175959,2.020332302,2.230500144,0.162409565,0.021286909
18/07/2022 23:19,249.7152951,222.9634834,9.02046251,5.581193055,238.2511739,266.8335863,15.17295592,96.32780022,7.71858961,9.723838778,10.29178474,6.306171314,2.855602126,2.249990604,1.758073372,2.228293312,0.182828693,0.056162877
19/07/2022 00:19,248.0068354,225.7706456,8.923596682,5.439313059,238.84996,266.7072368,15.26085133,109.671411,7.665060304,9.686325876,10.28515457,5.448669923,2.783522243,2.224896086,1.672188442,2.177241918,0.179930929,0.129096069
19/07/2022 01:19,256.7084438,228.0559284,8.882990163,5.549461539,241.7834627,272.288587,15.3102925,109.5066072,7.333388525,9.674371215,10.30990719,5.416845129,2.590425891,1.893706809,1.765864994,1.930518032,0.176224487,0.113700371
19/07/2022 02:19,258.3070348,228.3855365,8.863707739,5.521194959,242.3492881,272.5412859,15.30479904,109.4187119,7.255298714,9.610475613,10.29620485,5.564476811,2.542725968,1.830386921,1.762854595,1.867255497,0.173326723,0.107180764
19/07/2022 03:19,270.2332923,232.0606667,8.846693834,5.384968279,245.8650965,280.9792326,15.13450167,109.1165717,6.765348124,9.518136162,10.36029645,5.584809319,2.346272955,1.48081445,1.816156376,1.419856966,0.167868144,0.068770069
19/07/2022 04:19,269.9091793,232.956102,8.735082623,5.385880104,245.9529917,281.2044643,15.12900821,108.8913399,6.692716203,9.424972251,10.34968818,5.818191141,2.331079646,1.454552746,1.818281364,1.396905907,0.16476821,0.064096375
19/07/2022 05:19,269.0027618,233.5603835,8.599651945,5.367096506,246.1068084,281.3857483,15.0850605,108.6551212,6.642545598,9.320265909,10.34438405,6.044942797,2.299809697,1.442880877,1.787114874,1.366598739,0.162140006,0.060404549
19/07/2022 06:19,278.2042732,235.8291859,8.182017309,5.140963864,248.4250445,285.6486693,14.77193309,107.9959061,6.133912231,8.788077376,10.36781064,6.079861668,2.032160133,1.163631416,1.664219737,1.204764348,0.157355326,0.043320038
19/07/2022 07:19,274.3588655,242.8168774,8.226026608,5.156647257,249.880809,285.7365646,15.37621406,106.3698424,5.991587253,9.326861584,10.34703612,6.312801479,1.921213647,1.005039898,1.635709482,1.042194346,0.155805359,0.039785311
19/07/2022 08:19,NaN,NaN,NaN,NaN,NaN,NaN,NaN,NaN,NaN,NaN,NaN,NaN,NaN,NaN,NaN,NaN,NaN,NaN
19/07/2022 09:19,NaN,NaN,NaN,NaN,NaN,NaN,NaN,NaN,NaN,NaN,NaN,NaN,NaN,NaN,NaN,NaN,NaN,NaN
19/07/2022 10:19,NaN,NaN,NaN,NaN,NaN,NaN,NaN,NaN,NaN,NaN,NaN,NaN,NaN,NaN,NaN,NaN,NaN,NaN
19/07/2022 11:19,NaN,NaN,NaN,NaN,NaN,NaN,NaN,NaN,NaN,NaN,NaN,NaN,NaN,NaN,NaN,NaN,NaN,NaN
19/07/2022 12:19,NaN,NaN,NaN,NaN,NaN,NaN,NaN,NaN,NaN,NaN,NaN,NaN,NaN,NaN,NaN,NaN,NaN,NaN
19/07/2022 13:19,NaN,NaN,NaN,NaN,NaN,NaN,NaN,NaN,NaN,NaN,NaN,NaN,NaN,NaN,NaN,NaN,NaN,NaN
19/07/2022 14:19,NaN,NaN,NaN,NaN,NaN,NaN,NaN,NaN,NaN,NaN,NaN,NaN,NaN,NaN,NaN,NaN,NaN,NaN
19/07/2022 15:19,NaN,NaN,NaN,NaN,NaN,NaN,NaN,NaN,NaN,NaN,NaN,NaN,NaN,NaN,NaN,NaN,NaN,NaN
19/07/2022 16:19,NaN,NaN,NaN,NaN,NaN,NaN,NaN,NaN,NaN,NaN,NaN,NaN,NaN,NaN,NaN,NaN,NaN,NaN
19/07/2022 17:19,NaN,NaN,NaN,NaN,NaN,NaN,NaN,NaN,NaN,NaN,NaN,NaN,NaN,NaN,NaN,NaN,NaN,NaN
19/07/2022 18:19,NaN,NaN,NaN,NaN,NaN,NaN,NaN,NaN,NaN,NaN,NaN,NaN,NaN,NaN,NaN,NaN,NaN,NaN
19/07/2022 19:19,NaN,NaN,NaN,NaN,NaN,NaN,NaN,NaN,NaN,NaN,NaN,NaN,NaN,NaN,NaN,NaN,NaN,NaN
19/07/2022 20:19,NaN,NaN,NaN,NaN,NaN,NaN,NaN,NaN,NaN,NaN,NaN,NaN,NaN,NaN,NaN,NaN,NaN,NaN
19/07/2022 21:19,NaN,NaN,NaN,NaN,NaN,NaN,NaN,NaN,NaN,NaN,NaN,NaN,NaN,NaN,NaN,NaN,NaN,NaN
19/07/2022 22:19,NaN,NaN,NaN,NaN,NaN,NaN,NaN,NaN,NaN,NaN,NaN,NaN,NaN,NaN,NaN,NaN,NaN,NaN
19/07/2022 23:19,NaN,NaN,NaN,NaN,NaN,NaN,NaN,NaN,NaN,NaN,NaN,NaN,NaN,NaN,NaN,NaN,NaN,NaN
20/07/2022 00:19,295.2614034,255.330998,6.778710488,4.576361721,266.410602,295.9983383,16.78254067,61.47180586,5.213628004,17.00381515,8.239085532,12.627371,1.458171067,0.784149781,1.229305534,0.779139899,0.079250477,0.040217333
20/07/2022 01:19,296.9149288,252.7051202,6.648270556,4.513081054,265.3613529,295.6028095,16.79902106,61.79042645,5.142885353,17.08296325,8.214774926,12.62029883,1.421071128,0.771748421,1.193357821,0.766781636,0.078643968,0.040178059
20/07/2022 02:19,295.5635426,249.2497287,6.591103837,4.359347331,264.2187152,295.2732022,16.22770087,62.048619,5.088306453,17.10687257,8.31113333,12.60969056,1.376374534,0.786630053,1.1294311,0.781788098,0.077363561,0.040060234
20/07/2022 03:19,NaN,NaN,NaN,NaN,NaN,NaN,NaN,NaN,NaN,NaN,NaN,NaN,NaN,NaN,NaN,NaN,NaN,NaN
20/07/2022 04:19,NaN,NaN,NaN,NaN,NaN,NaN,NaN,NaN,NaN,NaN,NaN,NaN,NaN,NaN,NaN,NaN,NaN,NaN
20/07/2022 05:19,NaN,NaN,NaN,NaN,NaN,NaN,NaN,NaN,NaN,NaN,NaN,NaN,NaN,NaN,NaN,NaN,NaN,NaN
20/07/2022 06:19,NaN,NaN,NaN,NaN,NaN,NaN,NaN,NaN,NaN,NaN,NaN,NaN,NaN,NaN,NaN,NaN,NaN,NaN
20/07/2022 07:19,NaN,NaN,NaN,NaN,NaN,NaN,NaN,NaN,NaN,NaN,NaN,NaN,NaN,NaN,NaN,NaN,NaN,NaN
20/07/2022 08:19,NaN,NaN,NaN,NaN,NaN,NaN,NaN,NaN,NaN,NaN,NaN,NaN,NaN,NaN,NaN,NaN,NaN,NaN
20/07/2022 09:19,NaN,NaN,NaN,NaN,NaN,NaN,NaN,NaN,NaN,NaN,NaN,NaN,NaN,NaN,NaN,NaN,NaN,NaN
20/07/2022 10:19,NaN,NaN,NaN,NaN,NaN,NaN,NaN,NaN,NaN,NaN,NaN,NaN,NaN,NaN,NaN,NaN,NaN,NaN
20/07/2022 11:19,NaN,NaN,NaN,NaN,NaN,NaN,NaN,NaN,NaN,NaN,NaN,NaN,NaN,NaN,NaN,NaN,NaN,NaN
20/07/2022 12:19,NaN,NaN,NaN,NaN,NaN,NaN,NaN,NaN,NaN,NaN,NaN,NaN,NaN,NaN,NaN,NaN,NaN,NaN
20/07/2022 13:19,NaN,NaN,NaN,NaN,NaN,NaN,NaN,NaN,NaN,NaN,NaN,NaN,NaN,NaN,NaN,NaN,NaN,NaN
20/07/2022 14:19,NaN,NaN,NaN,NaN,NaN,NaN,NaN,NaN,NaN,NaN,NaN,NaN,NaN,NaN,NaN,NaN,NaN,NaN
20/07/2022 15:19,NaN,NaN,NaN,NaN,NaN,NaN,NaN,NaN,NaN,NaN,NaN,NaN,NaN,NaN,NaN,NaN,NaN,NaN
20/07/2022 16:19,NaN,NaN,NaN,NaN,NaN,NaN,NaN,NaN,NaN,NaN,NaN,NaN,NaN,NaN,NaN,NaN,NaN,NaN
20/07/2022 17:19,NaN,NaN,NaN,NaN,NaN,NaN,NaN,NaN,NaN,NaN,NaN,NaN,NaN,NaN,NaN,NaN,NaN,NaN
20/07/2022 18:19,NaN,NaN,NaN,NaN,NaN,NaN,NaN,NaN,NaN,NaN,NaN,NaN,NaN,NaN,NaN,NaN,NaN,NaN
20/07/2022 19:19,NaN,NaN,NaN,NaN,NaN,NaN,NaN,NaN,NaN,NaN,NaN,NaN,NaN,NaN,NaN,NaN,NaN,NaN
20/07/2022 20:19,NaN,NaN,NaN,NaN,NaN,NaN,NaN,NaN,NaN,NaN,NaN,NaN,NaN,NaN,NaN,NaN,NaN,NaN
20/07/2022 21:19,NaN,NaN,NaN,NaN,NaN,NaN,NaN,NaN,NaN,NaN,NaN,NaN,NaN,NaN,NaN,NaN,NaN,NaN
20/07/2022 22:19,293.5584371,146.0329549,13.27098949,2.30755834,292.5319599,296.5366969,196.3583631,57.23085587,12.86223113,13.92157374,3.399064793,11.90866107,1.263484718,1.239936258,0.243842368,1.198732339,0.311071599,0.059461956
20/07/2022 23:19,294.294558,142.116112,13.37579514,2.162213409,293.751506,296.767422,185.6406162,57.38467271,13.10174853,13.98588157,3.299612312,11.92766755,1.320371292,1.304131536,0.206477997,1.263907462,0.31511499,0.062211187
21/07/2022 00:19,295.0471593,136.0128689,13.49262395,2.128293512,294.7293402,296.9816667,182.5423029,57.13197362,13.27430182,14.00896643,3.288562036,11.83396121,1.376374534,1.362928576,0.190717669,1.327169997,0.302580476,0.068180948
21/07/2022 01:19,295.7173589,128.0857943,13.56703142,2.100756392,295.5533578,297.190418,178.109078,56.11019033,13.37548271,13.99824846,3.230658592,11.7574933,1.431141111,1.419099444,0.185051035,1.387490088,0.288495995,0.072815367
21/07/2022 02:19,296.2886766,114.2092936,13.53822121,1.928421436,296.3004671,297.3387413,163.0075473,56.20907258,13.44370633,13.94218522,3.097171262,11.77031162,1.482551028,1.4764375,0.133874241,1.445750469,0.289776403,0.077214138
21/07/2022 03:19,296.9588763,90.55991307,13.50510081,1.51700592,296.9596812,297.6298944,153.0314179,56.26950063,13.49198767,13.89148097,2.963683932,11.78180391,1.53025095,1.529252706,0.050468464,1.499008696,0.291461149,0.081927107
21/07/2022 04:19,297.530194,35.30661001,13.51326749,3.864955726,297.5364935,297.9375279,149.6364576,56.26950063,13.51339939,13.82552422,2.947771535,11.78622402,1.574770878,1.574772994,0,1.548883113,0.271311581,0.087582669
21/07/2022 05:19,298.0685511,82.68777316,13.51145267,1.578098207,298.0748516,298.2726286,150.0100131,56.26400717,13.49492653,13.74761281,2.978712307,11.78312994,1.617877474,1.616499925,0.060385075,1.595226598,0.244962145,0.093670254
21/07/2022 06:19,298.5959213,75.00790462,13.47515634,1.754809924,298.6461705,298.6406901,149.048657,56.23104642,13.43950796,13.66022011,2.972524153,11.77296369,1.658687408,1.656184279,0.091374482,1.637744906,0.224879966,0.100150586
21/07/2022 07:19,299.1068112,71.42616336,13.254883,1.863134754,299.2284763,299.0636861,152.0041403,56.20357913,13.20313933,13.39515642,2.982248395,11.585109,1.657274077,1.653704007,0.11173895,1.638186272,0.197452293,0.107180764
21/07/2022 08:19,299.5847404,61.85654178,13.18546627,2.068477781,299.8767035,299.497669,146.7139351,56.17611183,13.09922951,13.29457237,2.934511204,11.52853159,1.691370688,1.684780358,0.148926239,1.671435884,0.180470048,0.110597666
21/07/2022 09:19,300.2000057,43.18973687,13.09994304,2.145618191,300.6402931,299.9865865,126.7451959,56.09920341,12.9911213,13.20759191,2.80765404,11.46974412,1.728647294,1.719941862,0.172301107,1.706892328,0.178583132,0.114210942
21/07/2022 10:19,NaN,NaN,NaN,NaN,NaN,NaN,NaN,NaN,NaN,NaN,NaN,NaN,NaN,NaN,NaN,NaN,NaN,NaN
21/07/2022 11:19,NaN,NaN,NaN,NaN,NaN,NaN,NaN,NaN,NaN,NaN,NaN,NaN,NaN,NaN,NaN,NaN,NaN,NaN
21/07/2022 12:19,NaN,NaN,NaN,NaN,NaN,NaN,NaN,NaN,NaN,NaN,NaN,NaN,NaN,NaN,NaN,NaN,NaN,NaN
21/07/2022 13:19,NaN,NaN,NaN,NaN,NaN,NaN,NaN,NaN,NaN,NaN,NaN,NaN,NaN,NaN,NaN,NaN,NaN,NaN
21/07/2022 14:19,NaN,NaN,NaN,NaN,NaN,NaN,NaN,NaN,NaN,NaN,NaN,NaN,NaN,NaN,NaN,NaN,NaN,NaN
21/07/2022 15:19,NaN,NaN,NaN,NaN,NaN,NaN,NaN,NaN,NaN,NaN,NaN,NaN,NaN,NaN,NaN,NaN,NaN,NaN
21/07/2022 16:19,NaN,NaN,NaN,NaN,NaN,NaN,NaN,NaN,NaN,NaN,NaN,NaN,NaN,NaN,NaN,NaN,NaN,NaN
21/07/2022 17:19,NaN,NaN,NaN,NaN,NaN,NaN,NaN,NaN,NaN,NaN,NaN,NaN,NaN,NaN,NaN,NaN,NaN,NaN
21/07/2022 18:19,NaN,NaN,NaN,NaN,NaN,NaN,NaN,NaN,NaN,NaN,NaN,NaN,NaN,NaN,NaN,NaN,NaN,NaN
21/07/2022 19:19,NaN,NaN,NaN,NaN,NaN,NaN,NaN,NaN,NaN,NaN,NaN,NaN,NaN,NaN,NaN,NaN,NaN,NaN
21/07/2022 20:19,NaN,NaN,NaN,NaN,NaN,NaN,NaN,NaN,NaN,NaN,NaN,NaN,NaN,NaN,NaN,NaN,NaN,NaN
21/07/2022 21:19,NaN,NaN,NaN,NaN,NaN,NaN,NaN,NaN,NaN,NaN,NaN,NaN,NaN,NaN,NaN,NaN,NaN,NaN
21/07/2022 22:19,NaN,NaN,NaN,NaN,NaN,NaN,NaN,NaN,NaN,NaN,NaN,NaN,NaN,NaN,NaN,NaN,NaN,NaN
21/07/2022 23:19,NaN,NaN,NaN,NaN,NaN,NaN,NaN,NaN,NaN,NaN,NaN,NaN,NaN,NaN,NaN,NaN,NaN,NaN
22/07/2022 00:19,NaN,NaN,NaN,NaN,NaN,NaN,NaN,NaN,NaN,NaN,NaN,NaN,NaN,NaN,NaN,NaN,NaN,NaN
22/07/2022 01:19,NaN,NaN,NaN,NaN,NaN,NaN,NaN,NaN,NaN,NaN,NaN,NaN,NaN,NaN,NaN,NaN,NaN,NaN
22/07/2022 02:19,NaN,NaN,NaN,NaN,NaN,NaN,NaN,NaN,NaN,NaN,NaN,NaN,NaN,NaN,NaN,NaN,NaN,NaN
22/07/2022 03:19,NaN,NaN,NaN,NaN,NaN,NaN,NaN,NaN,NaN,NaN,NaN,NaN,NaN,NaN,NaN,NaN,NaN,NaN
22/07/2022 04:19,NaN,NaN,NaN,NaN,NaN,NaN,NaN,NaN,NaN,NaN,NaN,NaN,NaN,NaN,NaN,NaN,NaN,NaN
22/07/2022 05:19,NaN,NaN,NaN,NaN,NaN,NaN,NaN,NaN,NaN,NaN,NaN,NaN,NaN,NaN,NaN,NaN,NaN,NaN
22/07/2022 06:19,NaN,NaN,NaN,NaN,NaN,NaN,NaN,NaN,NaN,NaN,NaN,NaN,NaN,NaN,NaN,NaN,NaN,NaN
22/07/2022 07:19,NaN,NaN,NaN,NaN,NaN,NaN,NaN,NaN,NaN,NaN,NaN,NaN,NaN,NaN,NaN,NaN,NaN,NaN
22/07/2022 08:19,NaN,NaN,NaN,NaN,NaN,NaN,NaN,NaN,NaN,NaN,NaN,NaN,NaN,NaN,NaN,NaN,NaN,NaN
22/07/2022 09:19,NaN,NaN,NaN,NaN,NaN,NaN,NaN,NaN,NaN,NaN,NaN,NaN,NaN,NaN,NaN,NaN,NaN,NaN
22/07/2022 10:19,NaN,NaN,NaN,NaN,NaN,NaN,NaN,NaN,NaN,NaN,NaN,NaN,NaN,NaN,NaN,NaN,NaN,NaN
22/07/2022 11:19,NaN,NaN,NaN,NaN,NaN,NaN,NaN,NaN,NaN,NaN,NaN,NaN,NaN,NaN,NaN,NaN,NaN,NaN
22/07/2022 12:19,NaN,NaN,NaN,NaN,NaN,NaN,NaN,NaN,NaN,NaN,NaN,NaN,NaN,NaN,NaN,NaN,NaN,NaN
22/07/2022 13:19,NaN,NaN,NaN,NaN,NaN,NaN,NaN,NaN,NaN,NaN,NaN,NaN,NaN,NaN,NaN,NaN,NaN,NaN
22/07/2022 14:19,NaN,NaN,NaN,NaN,NaN,NaN,NaN,NaN,NaN,NaN,NaN,NaN,NaN,NaN,NaN,NaN,NaN,NaN
22/07/2022 15:19,NaN,NaN,NaN,NaN,NaN,NaN,NaN,NaN,NaN,NaN,NaN,NaN,NaN,NaN,NaN,NaN,NaN,NaN
22/07/2022 16:19,NaN,NaN,NaN,NaN,NaN,NaN,NaN,NaN,NaN,NaN,NaN,NaN,NaN,NaN,NaN,NaN,NaN,NaN
22/07/2022 17:19,NaN,NaN,NaN,NaN,NaN,NaN,NaN,NaN,NaN,NaN,NaN,NaN,NaN,NaN,NaN,NaN,NaN,NaN
22/07/2022 18:19,NaN,NaN,NaN,NaN,NaN,NaN,NaN,NaN,NaN,NaN,NaN,NaN,NaN,NaN,NaN,NaN,NaN,NaN
22/07/2022 19:19,NaN,NaN,NaN,NaN,NaN,NaN,NaN,NaN,NaN,NaN,NaN,NaN,NaN,NaN,NaN,NaN,NaN,NaN
22/07/2022 20:19,NaN,NaN,NaN,NaN,NaN,NaN,NaN,NaN,NaN,NaN,NaN,NaN,NaN,NaN,NaN,NaN,NaN,NaN
22/07/2022 21:19,NaN,NaN,NaN,NaN,NaN,NaN,NaN,NaN,NaN,NaN,NaN,NaN,NaN,NaN,NaN,NaN,NaN,NaN
22/07/2022 22:19,NaN,NaN,NaN,NaN,NaN,NaN,NaN,NaN,NaN,NaN,NaN,NaN,NaN,NaN,NaN,NaN,NaN,NaN
22/07/2022 23:19,NaN,NaN,NaN,NaN,NaN,NaN,NaN,NaN,NaN,NaN,NaN,NaN,NaN,NaN,NaN,NaN,NaN,NaN
23/07/2022 00:19,NaN,NaN,NaN,NaN,NaN,NaN,NaN,NaN,NaN,NaN,NaN,NaN,NaN,NaN,NaN,NaN,NaN,NaN
23/07/2022 01:19,NaN,NaN,NaN,NaN,NaN,NaN,NaN,NaN,NaN,NaN,NaN,NaN,NaN,NaN,NaN,NaN,NaN,NaN
23/07/2022 02:19,NaN,NaN,NaN,NaN,NaN,NaN,NaN,NaN,NaN,NaN,NaN,NaN,NaN,NaN,NaN,NaN,NaN,NaN
23/07/2022 03:19,NaN,NaN,NaN,NaN,NaN,NaN,NaN,NaN,NaN,NaN,NaN,NaN,NaN,NaN,NaN,NaN,NaN,NaN
23/07/2022 04:19,NaN,NaN,NaN,NaN,NaN,NaN,NaN,NaN,NaN,NaN,NaN,NaN,NaN,NaN,NaN,NaN,NaN,NaN
23/07/2022 05:19,NaN,NaN,NaN,NaN,NaN,NaN,NaN,NaN,NaN,NaN,NaN,NaN,NaN,NaN,NaN,NaN,NaN,NaN
23/07/2022 06:19,NaN,NaN,NaN,NaN,NaN,NaN,NaN,NaN,NaN,NaN,NaN,NaN,NaN,NaN,NaN,NaN,NaN,NaN
23/07/2022 07:19,NaN,NaN,NaN,NaN,NaN,NaN,NaN,NaN,NaN,NaN,NaN,NaN,NaN,NaN,NaN,NaN,NaN,NaN
23/07/2022 08:19,NaN,NaN,NaN,NaN,NaN,NaN,NaN,NaN,NaN,NaN,NaN,NaN,NaN,NaN,NaN,NaN,NaN,NaN
23/07/2022 09:19,NaN,NaN,NaN,NaN,NaN,NaN,NaN,NaN,NaN,NaN,NaN,NaN,NaN,NaN,NaN,NaN,NaN,NaN
23/07/2022 10:19,NaN,NaN,NaN,NaN,NaN,NaN,NaN,NaN,NaN,NaN,NaN,NaN,NaN,NaN,NaN,NaN,NaN,NaN
23/07/2022 11:19,NaN,NaN,NaN,NaN,NaN,NaN,NaN,NaN,NaN,NaN,NaN,NaN,NaN,NaN,NaN,NaN,NaN,NaN
23/07/2022 12:19,NaN,NaN,NaN,NaN,NaN,NaN,NaN,NaN,NaN,NaN,NaN,NaN,NaN,NaN,NaN,NaN,NaN,NaN
23/07/2022 13:19,NaN,NaN,NaN,NaN,NaN,NaN,NaN,NaN,NaN,NaN,NaN,NaN,NaN,NaN,NaN,NaN,NaN,NaN
23/07/2022 14:19,NaN,NaN,NaN,NaN,NaN,NaN,NaN,NaN,NaN,NaN,NaN,NaN,NaN,NaN,NaN,NaN,NaN,NaN
23/07/2022 15:19,NaN,NaN,NaN,NaN,NaN,NaN,NaN,NaN,NaN,NaN,NaN,NaN,NaN,NaN,NaN,NaN,NaN,NaN
23/07/2022 16:19,NaN,NaN,NaN,NaN,NaN,NaN,NaN,NaN,NaN,NaN,NaN,NaN,NaN,NaN,NaN,NaN,NaN,NaN
23/07/2022 17:19,NaN,NaN,NaN,NaN,NaN,NaN,NaN,NaN,NaN,NaN,NaN,NaN,NaN,NaN,NaN,NaN,NaN,NaN
23/07/2022 18:19,NaN,NaN,NaN,NaN,NaN,NaN,NaN,NaN,NaN,NaN,NaN,NaN,NaN,NaN,NaN,NaN,NaN,NaN
23/07/2022 19:19,NaN,NaN,NaN,NaN,NaN,NaN,NaN,NaN,NaN,NaN,NaN,NaN,NaN,NaN,NaN,NaN,NaN,NaN
23/07/2022 20:19,NaN,NaN,NaN,NaN,NaN,NaN,NaN,NaN,NaN,NaN,NaN,NaN,NaN,NaN,NaN,NaN,NaN,NaN
23/07/2022 21:19,NaN,NaN,NaN,NaN,NaN,NaN,NaN,NaN,NaN,NaN,NaN,NaN,NaN,NaN,NaN,NaN,NaN,NaN
23/07/2022 22:19,NaN,NaN,NaN,NaN,NaN,NaN,NaN,NaN,NaN,NaN,NaN,NaN,NaN,NaN,NaN,NaN,NaN,NaN
23/07/2022 23:19,NaN,NaN,NaN,NaN,NaN,NaN,NaN,NaN,NaN,NaN,NaN,NaN,NaN,NaN,NaN,NaN,NaN,NaN
24/07/2022 00:19,NaN,NaN,NaN,NaN,NaN,NaN,NaN,NaN,NaN,NaN,NaN,NaN,NaN,NaN,NaN,NaN,NaN,NaN
24/07/2022 01:19,NaN,NaN,NaN,NaN,NaN,NaN,NaN,NaN,NaN,NaN,NaN,NaN,NaN,NaN,NaN,NaN,NaN,NaN
24/07/2022 02:19,NaN,NaN,NaN,NaN,NaN,NaN,NaN,NaN,NaN,NaN,NaN,NaN,NaN,NaN,NaN,NaN,NaN,NaN
24/07/2022 03:19,NaN,NaN,NaN,NaN,NaN,NaN,NaN,NaN,NaN,NaN,NaN,NaN,NaN,NaN,NaN,NaN,NaN,NaN
24/07/2022 04:19,NaN,NaN,NaN,NaN,NaN,NaN,NaN,NaN,NaN,NaN,NaN,NaN,NaN,NaN,NaN,NaN,NaN,NaN
24/07/2022 05:19,NaN,NaN,NaN,NaN,NaN,NaN,NaN,NaN,NaN,NaN,NaN,NaN,NaN,NaN,NaN,NaN,NaN,NaN
24/07/2022 06:19,NaN,NaN,NaN,NaN,NaN,NaN,NaN,NaN,NaN,NaN,NaN,NaN,NaN,NaN,NaN,NaN,NaN,NaN
24/07/2022 07:19,NaN,NaN,NaN,NaN,NaN,NaN,NaN,NaN,NaN,NaN,NaN,NaN,NaN,NaN,NaN,NaN,NaN,NaN
24/07/2022 08:19,NaN,NaN,NaN,NaN,NaN,NaN,NaN,NaN,NaN,NaN,NaN,NaN,NaN,NaN,NaN,NaN,NaN,NaN
24/07/2022 09:19,NaN,NaN,NaN,NaN,NaN,NaN,NaN,NaN,NaN,NaN,NaN,NaN,NaN,NaN,NaN,NaN,NaN,NaN
24/07/2022 10:19,313.323833,317.6543946,12.42324336,7.186734809,315.3572474,315.0606267,68.61886055,313.5611243,10.31066754,12.58017832,7.420481111,0,3.4857711,2.646542347,2.252133072,2.454272971,0.044544698,0
24/07/2022 11:19,311.8351109,314.5780524,12.32524327,7.217007405,313.2202951,312.8687382,68.65731479,311.1110418,10.36356709,12.52823738,7.025765265,0,4.399136279,3.398210698,2.760005194,3.267417226,0.056877043,0
24/07/2022 12:19,311.5384651,311.7434228,12.15714589,6.999628285,311.7260765,312.105148,68.75070367,16.2166945,10.48720929,12.27183051,6.513474485,27.50811422,4.842922223,3.961816062,2.772046793,3.887390067,0.067389861,0.006598156
24/07/2022 13:19,310.2365199,309.2988295,12.11744678,6.922123146,310.1549497,311.3580381,69.08031147,16.90887027,10.58566123,12.17000977,6.236775583,27.51651243,5.083365165,4.233770605,2.784973803,4.243131483,0.074735356,0.007383651
24/07/2022 14:19,310.6430345,305.316065,12.10905326,6.874161142,309.2979714,311.4569203,68.74521021,17.32087966,10.71979937,12.17207092,6.247383847,27.52004852,5.200671641,4.43350546,2.698557626,4.428799667,0.077161391,0.007737124
24/07/2022 15:19,310.2255331,302.9318998,11.9919976,6.386152312,308.7651066,310.8416534,70.52509232,17.52413763,10.85687638,12.00470567,6.309707402,27.51916449,5.249254895,4.662419987,2.382288585,4.660958457,0.078374408,0.007697849
24/07/2022 16:19,303.128009,304.5579664,12.50309528,7.387336346,303.5463285,300.173364,77.86985278,12.95358013,11.07834076,12.88770167,7.395728494,27.51562841,5.898327171,4.992442078,3.125503123,4.995808525,0.11618012,0.012882115
24/07/2022 17:19,302.5511978,307.0080532,12.60517871,7.519186265,303.7990272,300.1349098,78.45215989,13.29966802,11.15538098,13.03940219,7.378932075,27.50546215,5.829780616,4.907091537,3.127628111,4.857366559,0.11644968,0.012371543
24/07/2022 18:19,302.0018539,308.6890545,12.73085474,7.666719577,303.9858046,299.3108916,78.03465668,18.3756237,11.20555158,13.16513225,7.435509486,27.53021477,5.823420627,4.846106022,3.211210971,4.797046468,0.115977951,0.0113504
24/07/2022 19:19,308.412698,297.2186929,12.86583172,8.185001002,303.8704421,307.0456761,55.57737863,20.15550426,11.23892868,12.85101323,6.836142534,27.52535265,5.860873899,4.649580931,3.506584298,4.891204659,0.261203102,0.009700861
24/07/2022 20:19,309.6926694,288.478585,12.7040862,7.970174993,302.7387913,309.0233198,42.1623412,20.39721644,11.25110397,12.63376818,7.068198323,27.52402661,5.902567165,4.845084734,3.311262488,5.007872543,0.502458804,0.009504487
24/07/2022 21:19,309.6597088,279.513245,12.55050736,7.673467083,301.4368435,309.3364467,41.94809613,20.39721644,11.26705781,12.47382306,7.143340198,27.52049053,5.91988047,5.028624871,3.070784684,5.12542316,0.489115612,0.009465212
24/07/2022 22:19,311.9394862,278.3651101,12.89237341,9.256577938,295.6961875,42.0139451,16.9418511,270.3605664,11.18875808,7.631360859,27.51386036,0,6.415782996,0.927421971,6.124569463,0.425752437,0.011793226,0
24/07/2022 23:19,308.3962177,276.1732163,12.97267904,8.812154352,294.0701261,233.7739748,42.07993925,16.55728893,11.17259432,27.48063278,7.937192001,27.50457813,6.30677984,4.10523415,4.447068552,4.732606956,0.39780235,0.011036202
25/07/2022 00:19,310.7474098,275.6458433,12.99559109,9.180531719,293.1856806,28.42313772,16.10135122,268.76197,11.14236601,8.293813975,27.49883199,0,6.237879952,1.088201964,5.955810003,0.686747174,0.010647598,0
25/07/2022 01:19,302.2875127,273.2177304,12.9411466,8.573803253,290.0434268,28.14297152,9.152120117,268.5092709,11.16587692,8.426139706,27.47010127,0,6.353419764,0.49512513,6.332287036,0.653644685,0.011658446,0
25/07/2022 02:19,297.5027268,271.124719,12.61153056,7.475418657,289.8401691,298.6846377,42.17332813,8.317101132,11.17490343,12.75331479,8.44064256,27.47231132,6.171983393,5.234341558,3.26433567,5.192952238,0.341801375,0.011036202
25/07/2022 03:19,294.4593612,269.4492112,12.21204409,6.523290818,289.9445447,295.7840935,43.9751841,212.6627715,11.22318477,12.39714833,8.411027822,27.49396986,5.839320601,5.306123552,2.435767448,5.306677678,0.33937534,0.0113504
25/07/2022 04:19,293.5309699,270.4655028,12.06322914,6.119716999,290.2851386,294.4986251,44.32676575,225.3471672,11.26327927,12.22772193,8.431360329,27.50192606,5.624140951,5.23156949,2.063717473,5.243268021,0.335668898,0.013196312
25/07/2022 05:19,290.9875073,272.2069323,11.94095588,5.80021346,288.8348676,289.7412932,43.88179522,223.3420549,11.27188594,11.98491864,8.455670935,27.48954975,5.544817747,5.233174372,1.83014588,5.215756175,0.328458183,0.012332268
25/07/2022 06:19,290.5590191,269.0756554,11.69005751,5.149535021,288.9392432,289.2139215,28.04963394,223.6332082,11.22402444,11.71284704,8.512248347,27.5032521,5.272398191,5.079835195,1.406210782,5.040386544,0.598354576,0.011428949
25/07/2022 07:19,290.2074389,265.6312508,11.58683982,4.59660424,289.0271384,288.7030302,28.14302281,223.5178455,11.26264951,11.59330043,8.51799449,27.50944025,5.091845151,4.970995019,1.092597976,4.930927646,0.59646766,0.010682729
25/07/2022 08:19,287.7793386,260.84644,11.45934897,3.793650997,287.2802211,286.8627228,28.20345091,222.8366567,11.31974744,11.48364734,8.467163222,27.50457813,4.982841995,4.937146599,0.670610783,4.86148598,0.600645832,0.010132883
25/07/2022 09:19,287.6639764,248.2004763,11.4128443,3.312389674,287.3351556,286.7253864,28.32980057,222.8806043,11.34346827,11.44489774,8.476445453,27.51297634,4.818718929,4.798105462,0.445539142,4.716423517,0.600645832,0.009583036
25/07/2022 10:19,285.7192987,233.472488,11.3853952,1.990060817,285.6926139,285.1652452,28.4451633,8.404996469,11.37894455,11.41027045,8.455670935,26.45347591,4.699822456,4.698165085,0.121832643,4.607553108,0.607317428,0.01201807
25/07/2022 11:19,285.9719969,207.5488117,11.36270999,2.217470014,285.9233388,285.3025816,28.50009793,5.910966297,11.35312453,11.38677336,8.469815288,26.29302591,4.564319343,4.562041915,0.147686663,4.468375532,0.610686921,0.012371543
25/07/2022 12:19,285.1040335,198.8856123,11.35998777,2.113521945,285.0718539,283.4842481,28.71983646,5.400074654,11.35480388,11.40903376,8.352682366,26.34562522,4.549302701,4.548035673,0.105009822,4.489708247,0.661835826,0.013863983
25/07/2022 13:19,285.8950888,194.7490308,11.31575162,2.948389068,285.6651466,284.1544495,28.62644758,6.031822384,11.28511083,11.37275755,8.335001925,26.35225538,4.445069538,4.429420306,0.371872893,4.367743965,0.680435427,0.013746159
25/07/2022 14:19,286.8894014,194.5732398,11.21661727,3.697909355,286.2364655,284.6158998,29.12635275,8.718123605,11.14404536,11.31215978,8.182950132,25.25916212,4.432702891,4.400970126,0.527528261,4.306688262,0.755036003,0.018262754
25/07/2022 15:19,288.0045696,199.2371943,11.17805242,4.147074432,286.7528498,285.68163,29.41201284,9.844282603,11.05000172,11.29278499,8.159081537,25.24590178,4.344899701,4.29300534,0.668131631,4.191344478,0.775118182,0.01814493
25/07/2022 16:19,288.921974,203.4726583,11.10069587,4.527670257,286.1485703,281.9900283,19.0238737,12.28887165,10.84533084,11.39172011,8.270910326,25.22203319,4.344193035,4.255509461,0.87248464,4.079090259,1.223732487,0.020501414
25/07/2022 17:19,289.0098691,210.2735719,11.09048752,4.969723098,284.1819149,282.2372338,19.48532462,12.2284436,10.67697593,11.40243809,8.228477268,25.23661955,4.314513084,4.166219665,1.120931149,3.978752937,1.19327227,0.020619238
25/07/2022 18:19,289.971221,214.0475845,10.87679289,5.162300573,282.7700981,283.6545452,19.55673964,21.28166326,10.30059143,11.18024628,8.085265695,23.8155541,4.058876833,3.848453037,1.28898228,3.668178028,1.105261111,0.014453104
25/07/2022 19:19,289.3229951,219.744311,10.90877903,5.403204782,280.4134078,283.4897415,19.86986705,20.32030802,10.19605185,11.22229371,8.034876438,23.80627187,4.078310135,3.805121224,1.467481268,3.638459349,1.070218384,0.014453104
25/07/2022 20:19,289.5647065,221.5406751,10.88087622,5.426182777,278.4632328,283.6600386,19.94128208,20.82021274,10.00019756,11.1930254,8.108692279,23.79698964,4.026193553,3.686943552,1.617647084,3.529441818,1.036253894,0.014099631
25/07/2022 21:19,288.7132233,225.3201813,10.84276508,5.489463443,276.8097041,283.1546408,19.92480169,216.9861233,9.877395036,11.14355784,8.115322445,27.61684893,4.0180669,3.637629906,1.706365331,3.509433202,0.988541872,0.013903258
25/07/2022 22:19,287.7244042,229.0337658,10.76019093,5.456637737,276.0131538,282.5833215,19.95776247,216.370856,9.776424071,11.06976872,8.19930454,27.61419686,3.956940332,3.571100254,1.704063261,3.451319943,0.953970873,0.014178181
25/07/2022 23:19,286.6037425,232.3353401,10.73682517,5.55602668,275.2440707,282.4459851,19.74901086,216.6839831,9.743466812,11.02730907,8.273120381,27.60624067,3.978846963,3.577082087,1.742135962,3.450142966,0.901339392,0.014099631
26/07/2022 00:19,286.4114721,235.7852382,10.72888535,5.641191151,275.4253546,282.8030596,19.76549125,216.1566111,9.736119652,11.03596589,8.336327958,27.60314659,3.914717068,3.512011418,1.728854787,3.383643743,0.86825097,0.013667609
26/07/2022 01:19,283.7801145,236.5762976,10.6794316,5.402475322,275.4418349,280.5452497,19.33700111,212.3606313,9.830163296,10.88426536,8.373014873,26.33015483,3.941217025,3.610055116,1.579751465,3.57490257,0.786170119,0.017987831
26/07/2022 02:19,284.0163324,239.2296427,10.74022795,5.559491616,275.2495641,280.3035377,19.67210237,208.4547822,9.833731916,10.92590056,8.399535535,26.44021558,3.890160441,3.532291291,1.624553295,3.515023845,0.756990309,0.016534665
26/07/2022 03:19,280.7532292,235.3897084,10.64948713,5.103761397,274.7771274,281.0066999,30.92820872,72.84326501,9.969339491,10.79852159,7.997747512,13.55382611,3.904647084,3.657034388,1.366367258,3.634781294,0.454477223,0.1243831
26/07/2022 04:19,280.8685915,237.1531117,10.74022795,5.289409002,274.1838347,281.2758792,30.97215642,72.95313418,9.971228761,10.90528908,8.069795309,13.54410187,3.850940505,3.568619982,1.445877224,3.547537845,0.438775385,0.127250156
26/07/2022 05:19,278.0724307,235.5270452,10.69712606,5.053063918,272.6182013,279.0784972,29.57681674,75.29884097,10.01342245,10.84427908,8.22538319,12.90009181,3.882563787,3.63996428,1.35131526,3.589909031,0.403597878,0.146376954
26/07/2022 06:19,277.6274621,232.9231412,10.71005663,4.977017699,271.9699741,279.0290561,35.4383421,210.0643656,10.0195101,10.89580779,8.968845737,27.58546615,3.819847222,3.581896733,1.324398746,3.517966288,0.430149483,0.010564905
26/07/2022 07:19,275.0730126,235.8291859,10.69145476,4.971911478,269.9868384,275.5022581,35.99867536,212.3386574,9.985713161,10.84798915,9.316708415,27.57353185,3.861363821,3.614577966,1.356273565,3.59858924,0.424893074,0.010486355
26/07/2022 08:19,274.7983407,232.0386929,10.77221409,4.975741144,269.5253885,275.0408079,36.38321779,210.1907151,10.0875238,10.90611354,9.464782109,27.56690168,3.85800716,3.623185969,1.325992487,3.613595701,0.437090639,0.010329256
26/07/2022 09:19,273.2107366,236.7740624,10.89357994,5.289773732,267.1577113,273.9256366,36.79522754,210.6906199,10.01615139,11.03225582,9.526221641,27.56027152,3.92143039,3.600279926,1.551595375,3.578727746,0.447401288,0.010486355
26/07/2022 10:19,272.4306682,236.4938956,11.09026067,5.671828477,264.7021389,273.4147452,37.20723729,210.4928554,9.993480159,11.19879662,9.511635277,27.55496739,3.962240324,3.537835428,1.782687816,3.517230677,0.458385835,0.010761279
26/07/2022 11:19,271.9472455,233.8844982,11.05033471,5.568974598,264.3340777,273.1620463,37.66319475,209.0261019,10.01531172,11.2041556,9.527989685,27.55231532,3.896167098,3.508801655,1.693084157,3.466767772,0.46087926,0.010447081
26/07/2022 12:19,268.8379586,235.9170814,11.02787636,5.384238819,262.8618329,267.5367485,24.76454287,208.0317859,10.07366916,11.22270594,9.081116538,27.54082303,3.888040445,3.543963159,1.598699275,3.493838252,0.623693164,0.010447081
26/07/2022 13:19,267.4700921,234.3679234,10.89970495,5.028444639,262.6970294,266.2457866,25.31938267,235.3892094,10.10914544,11.07553994,9.09084078,0,3.821083887,3.554467841,1.402137888,3.505755148,0.616752009,0
26/07/2022 14:19,264.6684379,240.0701433,10.7840104,4.46402486,262.4058765,263.7352777,26.19284333,202.8844153,10.24727205,10.92961063,9.047081689,27.54922124,3.770557303,3.606553556,1.098441693,3.545331013,0.608126106,0.00911174
26/07/2022 15:19,263.882876,239.1032929,10.68759827,4.022336749,262.3454485,262.977181,22.10570662,77.47425055,10.30814851,10.81707192,8.621867081,13.29745972,3.698830753,3.59196372,0.881870003,3.531207284,0.570657344,0.170648743
26/07/2022 16:19,262.2842851,247.8434008,10.64540379,3.45062237,261.8345576,260.7743056,22.99564768,77.5731328,10.44417592,10.72267132,8.45788099,13.28331537,3.644770841,3.593276805,0.609163215,3.554452587,0.551316453,0.178464416
26/07/2022 17:19,261.9931328,249.2717026,10.69576495,2.971184697,261.8070904,260.5106197,22.26501706,78.41363196,10.58734058,10.7709022,8.443736638,12.97169759,3.628517534,3.602906097,0.429955897,3.562250063,0.546396994,0.199397852
26/07/2022 18:19,260.7900695,253.0512087,10.71754274,2.47059268,260.7578413,259.6096931,22.2595236,77.55665243,10.67571641,10.77502449,8.329697793,12.78914704,3.574987621,3.565847913,0.254821473,3.519143266,0.52867346,0.213458209
26/07/2022 19:19,260.6527335,261.7473688,10.73183442,1.860764008,260.6589592,259.4723567,38.04773718,77.85329919,10.72357791,10.78986476,8.123720654,12.7997553,3.502731072,3.500923143,0.106957727,3.470298704,0.402923979,0.216914386
26/07/2022 20:19,259.2573998,35.30661001,10.77765854,3.864955726,259.2581293,258.5164956,84.73118847,78.70478526,10.77752705,10.82943881,7.186215267,12.80947955,3.449731158,3.449712819,0,3.421601264,0.346855615,0.222727048
26/07/2022 21:19,259.1035835,35.31210348,10.79852893,3.864955726,259.1043126,258.3791592,78.11705863,144.9284278,10.79851894,10.84881361,12.55664924,5.976873099,3.384364598,3.384350353,0,3.363929372,0.239166617,0.23674813
26/07/2022 22:19,258.9442738,52.83077354,10.8005706,2.871795754,258.9450026,258.2418229,78.37525141,355.2894353,10.79956853,10.85747043,12.56902555,27.5757419,3.322531365,3.322197652,0.023020703,3.258001407,0.629893031,0.01665249
26/07/2022 23:19,258.784964,64.40551102,10.79739467,2.181361737,258.8021728,258.098993,78.72133959,10.03106019,10.78214527,10.8570582,12.58582197,23.86417532,3.262641463,3.259753154,0.13298883,3.194297506,0.631308219,0.019166073
27/07/2022 00:19,258.6036805,58.35170907,10.79240392,2.55101566,258.6977973,257.9396828,79.14433627,10.67379484,10.75359631,10.85046253,12.60438643,23.86461733,3.202044895,3.194682485,0.217811266,3.129122383,0.62591703,0.018302029
27/07/2022 01:19,258.4059167,54.76996781,10.7792465,2.724262442,258.6538497,257.7748792,79.47943753,14.57964385,10.69838765,10.83603449,12.6194148,22.56510491,3.144804988,3.128882325,0.311310736,3.063653015,0.619649773,0.020815612
27/07/2022 02:19,258.2356201,54.76447434,10.75837611,2.918298837,258.7582252,257.6045821,79.80355187,15.71129631,10.59321831,10.815423,12.63046508,22.52620794,3.095338402,3.062352673,0.443414154,2.997742281,0.615606381,0.02038359
27/07/2022 03:19,258.1916725,57.99463364,10.72162608,3.200417544,259.1372733,257.434285,80.08921196,16.43643284,10.41478729,10.79151368,12.63753726,23.21574514,3.060358459,2.996406614,0.61181945,2.930360326,0.617223738,0.019362447
27/07/2022 04:19,258.5542396,63.31231085,10.65130194,3.480165505,259.8898761,257.2145468,79.23223168,255.4623069,10.15196889,10.77543672,12.49653574,1.826389561,3.044988484,2.935129303,0.79881839,2.858711827,0.652064296,0.025135833
27/07/2022 05:19,259.3562817,68.94860921,10.55488982,3.784168016,260.9665924,256.8519788,79.75960416,259.1044699,9.81651857,10.77255112,12.466921,1.944848516,3.051701806,2.877791248,1.006535963,2.781031319,0.717297681,0.048779226
27/07/2022 06:19,260.7516154,75.37047353,10.44577398,4.08178775,262.2136057,256.4619435,79.68818914,267.5259418,9.409276007,10.77584895,12.59598822,1.995237773,3.090215077,2.823662956,1.247722097,2.697907291,0.809419621,0.053295822
27/07/2022 07:19,263.9487973,85.52789621,10.03222268,4.233880188,262.5926538,254.9567368,12.20099226,78.00711603,8.787916218,10.59652904,6.19699459,12.66140585,3.022905186,2.657776521,1.430116897,2.477371152,0.944131954,0.26691113
27/07/2022 08:19,269.2279928,97.76734334,9.819662305,4.454724244,255.670906,254.7150248,77.91929395,351.0924329,8.39599773,10.62456066,12.5951042,6.489163879,3.10081506,2.650627501,1.602772168,2.371148943,1.067927128,0.408260917
27/07/2022 09:19,277.6823965,111.5174942,9.603472295,4.665173492,218.1121838,253.5284386,23.66585021,80.36930319,8.141576087,10.74163389,6.520104651,12.78561095,3.172188277,2.629180442,1.763385842,2.239621719,1.299546081,0.454644384
27/07/2022 10:19,288.9494412,124.6413897,9.506152763,4.936350297,187.3708339,254.4623259,31.75772168,79.83643772,7.915073651,10.85458482,6.804759752,12.96595145,3.284548094,2.635745868,1.948791041,2.118834414,1.46963809,0.481822504
27/07/2022 11:19,309.8409923,137.9410762,9.370948937,5.121268441,158.3324536,255.0720994,40.46486104,83.06109787,7.802976987,10.95475664,7.110189371,13.53658768,3.396554578,2.682579242,2.075227825,2.011435228,1.653410241,0.478091404
27/07/2022 12:19,30.57099993,153.4875912,9.452388825,6.090173863,135.9960832,56.95614239,255.3251984,332.8651375,7.750077437,8.414185045,11.62665804,10.43013419,4.202506599,2.932649031,3.00898295,2.312447195,1.773162025,0.585939839
27/07/2022 13:19,41.82705781,162.5463202,9.551296322,6.229136019,138.7922496,62.28479363,257.0007047,332.5135562,7.958107015,8.68914225,11.69251768,11.01270472,4.313276419,3.106851673,2.990920553,2.519595216,1.73656933,0.748340887
27/07/2022 14:19,41.14587129,180.0594968,10.03812083,7.018958978,155.3714837,90.54312556,353.8944107,259.1978587,8.514601879,8.531258278,11.18508902,12.06778504,5.099618472,3.533166681,3.666489641,2.416168328,2.167797051,1.46624385
27/07/2022 15:19,38.93750854,188.2063102,10.23820435,6.966437849,162.4580351,259.6756146,352.6803553,70.08005537,8.783088085,12.11600768,11.52720556,8.681096559,5.009871951,3.675709378,3.393605771,2.482961795,2.373807856,1.399162595
27/07/2022 16:19,19.89175322,202.3959385,10.63111211,7.480707243,203.1425307,349.1969554,132.3375416,19.73800141,9.173537141,11.6761586,8.618330993,2.855391231,5.347834734,3.9139614,3.642583527,3.081749043,2.470714476,0.118452614
27/07/2022 17:19,20.44109719,209.9549507,10.53288517,7.10850021,213.8327857,348.3509633,141.7643246,171.5387409,9.273668431,11.66956293,8.616120938,22.29061606,5.033545246,3.999895534,3.055201438,2.958902027,2.748225924,0.091313769
27/07/2022 18:19,15.2772639,216.7448774,10.4253573,6.767659962,224.160473,347.3841153,146.5711051,171.3904176,9.302847151,11.59412489,8.591810331,22.30166634,4.7342724,3.937451036,2.6266622,2.805600722,2.771542816,0.079845545
27/07/2022 19:19,265.0639656,224.2599419,10.43284341,7.113241701,232.9994351,339.0889984,162.7603415,247.5242593,9.35217808,11.49189193,8.912268326,12.35907031,4.913942108,4.034619344,2.804452859,2.782796785,2.624498139,1.288525654
27/07/2022 20:19,239.1239435,231.2860877,10.14315334,6.215823371,234.7353655,172.076983,338.1391579,250.7269456,9.274298188,8.867225477,11.30133792,11.74113889,4.538349386,4.004856079,2.135081652,2.761169826,2.579953441,1.335223319
27/07/2022 21:19,232.6197109,238.3232205,9.870477165,5.479433366,234.2794091,195.5724895,334.606861,73.51346695,9.233364013,9.351183136,11.05160169,9.400248499,4.299496441,3.97538461,1.637657387,3.184734564,2.300150738,0.378529939
27/07/2022 22:19,238.343875,242.6905277,9.879324395,5.496758044,239.4926938,199.5772181,330.3219596,73.51896041,9.262542732,9.391581646,10.80274949,9.473180318,4.252149852,3.94153619,1.594803463,3.08630983,2.377986028,0.332028648
27/07/2022 23:19,237.893413,247.5357666,9.686726999,5.053063918,240.0035847,191.1887125,331.6513777,247.2440929,9.158213065,8.587733746,10.83059618,12.13629675,3.96047366,3.727795093,1.33767992,2.727478848,2.182488041,1.238371811
28/07/2022 00:19,242.2112565,247.4039234,9.745935386,5.022608958,243.0634367,211.1354472,320.6095165,65.30623991,9.266741109,9.593574196,10.17420981,9.523127564,4.014710238,3.80541302,1.278534422,3.112497577,2.196505132,0.34306485
28/07/2022 01:19,241.9310911,249.793582,9.59076858,4.71003529,243.0854105,210.8442941,321.2192909,65.47104366,9.158842822,9.407658604,10.02083198,9.510751255,3.759603987,3.589045753,1.117743667,2.944778299,2.065094903,0.331557351
28/07/2022 02:19,245.9962365,253.3148952,9.581240793,4.605357761,246.930826,214.5084285,320.010729,70.98647603,9.185502515,9.410956442,9.9735368,9.398922466,3.727980705,3.576206697,1.050275299,2.911528687,2.08591837,0.341690234
28/07/2022 03:19,244.8590945,256.2484072,9.463731428,3.917476855,245.5794371,215.9861679,319.1592422,65.2018642,9.231474743,9.335930638,9.69374382,9.419254973,3.582230942,3.506467281,0.732412517,2.85827046,1.977622863,0.30528255
28/07/2022 04:19,247.8310453,261.8792121,9.483467557,3.878086008,248.600835,218.6614804,316.939883,54.03915647,9.278286646,9.363137797,9.726452636,8.955143395,3.553257656,3.487500494,0.678756571,2.824579483,1.967312214,0.422439098
28/07/2022 05:19,247.7816044,266.2465193,9.367319304,3.765749147,248.7436647,217.7660473,317.6540332,54.41271165,9.175006573,9.246889024,9.604457593,8.909174248,3.367051293,3.308629105,0.622621472,2.672455155,1.874920715,0.416312239
28/07/2022 06:19,250.1273031,270.61932,9.403615633,3.811705136,251.210224,219.924975,317.0167915,53.9952088,9.204185293,9.295119898,9.620812001,8.857016947,3.350267987,3.289808216,0.630944342,2.643913453,1.881592311,0.408967862
28/07/2022 07:19,251.2150042,269.6030283,9.929231848,3.410866792,251.6387132,224.429608,314.3249944,52.26476936,9.827644269,10.00910173,9.810876742,8.054324923,3.721974048,3.692633588,0.460236976,3.023782906,2.073383856,0.419375668
28/07/2022 08:19,250.687634,271.1576798,9.818528044,3.469223603,251.2596651,223.1551265,315.0061839,53.07230776,9.702532636,9.899036398,9.686229633,7.972994894,3.542127674,3.508947553,0.472455656,2.869304624,1.979981508,0.415683843
28/07/2022 09:19,251.8687235,271.5037683,9.847565107,3.47888895,252.3968094,224.5779313,314.3634487,52.78664792,9.735070058,9.939434907,9.665455115,7.916859494,3.520221043,3.488229986,0.459705729,2.844882343,1.975331608,0.410263929
28/07/2022 10:19,252.0115529,267.6418602,9.956227242,3.093916364,252.1825648,243.9863074,40.56374338,79.78699659,9.899016678,10.11999151,7.676405496,13.17811674,3.529407695,3.514783487,0.31998777,3.440727147,0.535479836,0.196609346
28/07/2022 11:19,251.4182614,267.8615989,9.864125308,3.402478001,251.7430887,225.2975739,313.3746253,54.62695653,9.770336424,10.01404848,9.519149465,7.741381117,3.381184603,3.356629665,0.404456042,2.728214459,1.866362202,0.409164236
28/07/2022 12:19,252.1598758,269.4766786,9.885676253,3.337373684,252.490198,244.1181503,47.96343847,73.92547634,9.787759688,10.06557719,6.990846394,9.639818475,3.357334642,3.331972842,0.405695618,3.279039878,0.332568964,0.2223343
28/07/2022 13:19,251.8961907,260.1213022,9.966889289,2.706755398,251.9738137,245.3486842,34.41655792,74.81541662,9.923157345,10.10886131,6.766304792,10.66130596,3.35645131,3.346124983,0.252696485,3.256530185,0.419097546,0.356614635
28/07/2022 14:19,251.3138861,257.6382546,9.88204662,3.128748086,251.4299621,244.6015744,73.23336974,32.10377656,9.793847335,10.03837003,10.2581919,6.617347076,3.23154818,3.209855915,0.359300047,3.117352609,0.387491701,0.382693062
28/07/2022 15:19,251.775335,253.8148008,9.891574406,3.018234875,251.8254905,245.5079944,73.06307238,30.46123246,9.813369788,10.0379578,10.00712964,6.548393356,3.203634892,3.184907295,0.335216851,3.092047595,0.414582425,0.358656921
28/07/2022 16:19,250.0119409,241.0040329,9.904504974,3.227772299,249.8643286,245.7606934,6.361440751,73.52994733,9.805392872,10.16203894,6.787079311,9.57307481,3.120425028,3.096930584,0.375768704,3.059827839,0.561627102,0.485907077
28/07/2022 17:19,250.3690145,235.2633587,9.959856875,3.613839075,249.9247566,246.3814538,71.40953992,3.570752964,9.799725063,10.20655975,9.18101103,6.836584545,3.094985069,3.055057755,0.486799325,3.017603775,0.522608373,0.509354097
28/07/2022 18:19,250.9073715,229.7973578,10.03267639,4.13321469,249.7819269,247.2439262,71.91493854,3.691609051,9.766557885,10.29106684,9.158910478,6.783101211,3.066365116,2.995968919,0.647058834,2.957430806,0.529347359,0.479740943
28/07/2022 19:19,249.2428593,220.5133966,10.14043111,4.456547894,246.4254285,246.9088254,351.9991659,74.13422776,9.667056351,10.35743582,7.138036066,9.13371585,3.013011869,2.884210775,0.868234664,2.809131654,0.570118225,0.524357047
28/07/2022 20:19,249.0670692,216.1900371,10.17332466,4.564325629,244.8268344,248.7051852,74.9308499,3.817958597,9.553490255,10.37145163,8.938788987,6.856917053,3.011245205,2.839565877,1.000515164,2.785739229,0.532582072,0.392590296
28/07/2022 21:19,248.8033841,219.4201964,10.12273665,4.776963258,243.2117599,249.1062074,75.78783018,3.84542589,9.26842046,10.38340629,8.815467911,6.923660718,2.95930529,2.712196609,1.183264129,2.643619209,0.533188581,0.375780708
28/07/2022 22:19,243.2330363,216.4097758,10.18988486,5.862947032,232.8730857,250.7212831,96.63552348,145.038297,8.884059051,11.05451623,7.085436753,6.032124477,3.163708291,2.641435904,1.740542221,2.432793134,0.876472533,0.685776226
28/07/2022 23:19,241.8102354,221.7494269,10.07827365,6.049141731,232.3292341,253.4789975,96.60805616,147.4444318,8.617042277,11.12541973,7.267545296,6.006929849,3.149221647,2.500643987,1.90770794,2.21328685,0.840688517,0.720652195
29/07/2022 00:19,226.6977829,219.8816477,9.937625374,6.708391326,222.3860884,253.7976179,67.58608945,123.8555209,8.343518019,11.46633369,7.830225333,25.00633181,3.462274471,2.459646548,2.435590366,2.367323766,0.671135626,0.020501414
29/07/2022 01:19,225.1596198,223.4029609,9.849833628,6.520372977,224.1275123,250.8036849,133.9691002,13.74463816,8.22491387,11.23424837,7.072618434,7.679057562,3.403974566,2.359414374,2.426205003,2.058514323,1.254866603,0.359599515
29/07/2022 02:19,221.0395401,223.0458854,9.821023417,6.769118883,222.5618788,251.9682974,136.6883645,13.50292598,8.15018276,11.34637485,7.282573671,7.722816653,3.521634374,2.023264553,2.788161285,1.968328431,1.287078957,0.348249115
29/07/2022 03:19,210.0966083,225.3751159,9.685819591,6.993610239,221.0292061,249.6610463,82.13278032,84.15429612,8.135068603,11.31586985,7.257821054,12.07485722,3.637880852,2.34205247,2.77789051,2.276990751,0.619043264,0.231249666
29/07/2022 04:19,207.2290327,226.4573292,9.638634363,7.132025299,221.0621668,250.0730554,79.72114992,83.11603246,8.13926698,11.3706964,7.279479594,12.05187265,3.761193984,2.359852069,2.924160514,2.308769141,0.567961749,0.22771494
29/07/2022 05:19,204.658103,230.3576916,9.62275472,7.060720571,220.9632847,142.4727546,70.00321331,80.59453499,8.221135331,23.20416195,7.005432758,10.14326903,3.791933934,2.217017575,2.973920649,2.489140926,0.414312866,0.3128233
29/07/2022 06:19,202.6365172,231.747539,9.267958103,6.992516049,221.8037826,164.6113778,81.58892745,2.922524857,7.951179693,8.133868854,9.718938449,7.34666527,3.586824268,1.620439181,3.074503412,2.311123096,0.296245829,0.227047269
29/07/2022 07:19,200.4391413,234.9117767,9.335560016,7.102482164,222.4245425,83.68180041,83.24245991,146.0710672,8.064325952,9.6949827,6.174452028,24.01401705,3.635584189,0.429179071,3.608937884,0.294225214,0.239975295,0.018419853
29/07/2022 08:19,202.3178977,236.839984,9.424939726,7.124913063,224.0011629,119.1859993,82.7645286,148.2519702,8.118485014,6.63871176,9.728662691,24.00694488,3.72921737,0.507380592,3.694645732,0.414865396,0.290045962,0.018184204
29/07/2022 09:19,201.2301966,241.3116672,9.313555367,7.073486123,226.5775912,119.7023841,83.70940429,148.4552282,8.025700884,6.720333239,9.700815997,24.01401705,3.608907566,0.481410684,3.5767089,0.383822618,0.289574233,0.017084512
29/07/2022 10:19,210.2669049,243.2783288,9.531560193,6.741946493,225.5722898,120.5758434,83.72039121,149.4440507,8.357162744,6.661796623,9.660150982,24.02197325,3.741760683,0.452085114,3.714301871,0.351308617,0.288900334,0.01665249
29/07/2022 11:19,211.1403618,251.0351059,9.37684709,6.414418893,227.5114779,137.1056492,83.76433892,149.8121125,8.251783482,7.244277178,9.669875225,24.12982394,3.598837582,1.458200205,3.047055651,0.591559127,0.283306976,0.015395698
29/07/2022 12:19,210.2284508,255.1002723,9.310833142,6.448885884,230.0549455,137.1935444,83.7972997,150.009877,8.134858684,7.374953991,9.673411313,24.14043221,3.490364425,1.560474955,2.887858637,0.564930014,0.278320126,0.014570928
29/07/2022 13:19,209.7340412,254.3256933,9.287013676,6.599701767,232.7632167,206.8066048,84.4565153,17.72190213,8.010586727,9.470317517,9.605341615,6.920566641,3.423054535,2.479488725,2.359622046,2.435588455,0.277444058,0.085893855
29/07/2022 14:19,214.2002077,251.9470216,9.22462936,6.489370921,234.8177672,277.1722684,121.5813404,84.48390363,7.916962921,27.55771973,7.237488546,9.60313156,3.36669796,2.285152109,2.404600958,2.461187713,0.285867791,0.273077264
29/07/2022 15:19,221.3911202,250.6395761,9.049272721,6.146342293,236.009846,223.0232836,84.52793032,64.15261362,7.869101424,9.129403562,9.588987207,6.031682466,3.294441411,2.512024059,2.108165138,2.622286494,0.269559444,0.110597666
29/07/2022 16:19,229.3126602,246.9809263,8.827184558,5.578275214,236.4987631,232.6588035,84.57187803,61.69703765,7.863223696,8.791375214,9.576610898,5.965380812,3.194801573,2.651794688,1.752406737,2.73100978,0.267133409,0.10698439
29/07/2022 17:19,235.0587981,239.2845774,8.680864981,5.078777388,236.4218548,235.7406316,84.64878652,9.135626453,7.946981316,8.66317178,9.645122607,5.815097063,3.148161649,2.799589727,1.426044003,2.79059426,0.271244191,0.175950833
29/07/2022 18:19,236.7837382,232.3133663,8.566758397,4.750155598,235.9878722,236.5371826,84.70372115,9.135626453,7.959786366,8.610406379,9.631420265,5.796974611,3.037038497,2.782957314,1.213368125,2.726007626,0.271176801,0.173515799
29/07/2022 19:19,236.119032,235.72481,8.762304869,5.026985718,236.0867543,236.6635321,86.51656404,0.428494685,8.062016844,8.902677231,9.529315718,5.485356838,3.195508239,2.874581484,1.386554643,2.821784161,0.278724465,0.167585313
29/07/2022 20:19,236.3827171,231.2091792,8.668161266,4.711129481,235.4824748,237.4710699,86.60995292,0.813036782,8.087626944,8.779420553,9.521801531,5.524695819,3.07007511,2.832562756,1.177420412,2.788387428,0.278859245,0.161301355
29/07/2022 21:19,234.7346852,230.5334826,8.690846472,4.445058897,234.1640466,235.4384916,86.28583859,1.49422564,8.20665093,8.760457987,9.481578528,5.626358355,3.01248187,2.834751231,1.017515068,2.79324246,0.289506843,0.158630673
29/07/2022 22:19,233.7513595,234.4008842,8.716480754,4.490650155,233.8674003,236.9272179,86.46162941,1.713963981,8.198464095,8.779008323,9.481578528,5.659951193,2.922382017,2.736561635,1.023712949,2.69584758,0.288361216,0.151836143
29/07/2022 23:19,233.3173777,237.2574876,8.831721599,4.605357761,233.9278282,233.1037733,87.0768973,359.7171628,8.261019912,8.913395203,9.444449601,5.594533561,3.032445171,2.820307294,1.114024938,2.805894967,0.296919728,0.155842166
30/07/2022 00:19,233.1800417,235.301813,8.849869763,4.657331796,233.5213129,233.2136424,87.10436462,0.219743261,8.249054537,8.950495875,9.451521778,5.592323506,2.941815319,2.723138986,1.113847855,2.699967001,0.293685015,0.151364846
30/07/2022 01:19,232.833955,232.9451151,8.882309607,4.536970874,232.840125,232.9499566,89.66981199,0.313132056,8.341628749,8.955030402,9.590755251,5.646690862,2.902948715,2.716281763,1.023712949,2.692610893,0.308780343,0.154310452
30/07/2022 02:19,232.7900075,229.5831126,8.891156838,4.510892674,232.2688061,235.1693123,86.55501829,0.862477909,8.301744168,8.961626077,9.48246255,5.665255326,2.842528813,2.644353871,1.042660759,2.62140376,0.29125898,0.148851263
30/07/2022 03:19,232.2077029,231.8519149,8.983258772,4.548824601,232.1589371,232.1753794,92.92194227,359.6018002,8.405863916,9.03788857,9.516497399,5.399606699,2.88563541,2.691187245,1.0412441,2.68231234,0.317473636,0.144648866
30/07/2022 04:19,232.6361912,225.2103119,9.01501806,4.654413955,231.2689981,232.6917642,92.68572335,343.7147181,8.353594123,9.041186408,9.540365994,5.529999951,2.834932159,2.610067757,1.103754163,2.606397299,0.316597567,0.24959097
30/07/2022 05:19,232.7515534,220.9473806,9.048138461,4.642924958,230.5987971,232.9609435,91.27939674,344.3849201,8.376265359,9.100547483,9.569980733,5.570222955,2.832635496,2.607441586,1.105702068,2.580798041,0.324145232,0.24959097
30/07/2022 06:19,232.471388,223.6501669,9.08670331,4.519281465,231.0217928,232.7851529,90.37846876,346.4614474,8.448267523,9.165679775,9.554510347,5.432757526,2.931038669,2.71832434,1.095785458,2.708794332,0.362894402,0.270760054
30/07/2022 07:19,232.0703669,216.5910603,9.071731074,4.409862445,229.7033647,232.7027511,90.14224984,347.0986886,8.454145251,9.140121534,9.559372468,5.508341411,2.862315448,2.665946829,1.041421182,2.652005173,0.365859556,0.257681566
30/07/2022 08:19,231.5759573,215.8933898,9.110295924,4.381960595,229.2693821,232.2358074,89.10947873,348.6093897,8.512292772,9.189589097,9.557604424,5.555636591,2.854188795,2.667551711,1.014858833,2.639205544,0.382707021,0.264711744
30/07/2022 09:19,230.5047366,213.3059663,9.064698661,4.105130475,228.5387531,231.2579725,91.08712553,341.7755273,8.567921266,9.114563293,9.502353046,5.341261243,2.817618854,2.672804052,0.891786614,2.636410222,0.382841801,0.215814694
30/07/2022 10:19,229.3511143,213.4323161,8.998684712,3.510620466,228.3739496,229.8901022,90.3125472,352.6196144,8.699540384,9.029231746,9.490418748,5.583483286,2.786348905,2.709570438,0.650423398,2.663627824,0.396117603,0.258074313
30/07/2022 11:19,228.2139723,213.6850156,9.033166225,3.465941032,227.3961154,228.8353589,90.3125472,339.2595233,8.753909365,9.074577013,9.490418748,5.270097468,2.729462331,2.660110894,0.611111121,2.620226783,0.395039366,0.182431165
30/07/2022 12:19,227.9502872,214.6573595,9.156120039,3.627516452,227.0610149,228.6266076,89.75221394,338.9463961,8.838506661,9.216796257,9.475390373,5.298386174,2.722749009,2.642894888,0.652017139,2.594921769,0.401778352,0.180310329
30/07/2022 13:19,227.324035,214.9485133,9.188559884,3.442598308,226.6709799,227.8190697,98.06382394,14.57964385,8.914077446,9.208551663,9.416602907,5.838523648,2.664979103,2.600730262,0.582600866,2.562554891,0.319360552,0.181881319
30/07/2022 14:19,227.0768303,214.7946962,9.300397947,3.606362108,226.2974253,227.6267988,97.23431098,355.0477231,8.973904317,9.360664419,9.393176322,5.543260282,2.663565772,2.585994527,0.637496388,2.566380067,0.306556478,0.259566753
30/07/2022 15:19,226.5384732,209.9988985,9.391365622,3.746965549,225.2207089,227.1049206,97.28375215,355.0971642,8.987339123,9.438163601,9.402900565,5.549448437,2.637949147,2.541495528,0.705496002,2.523126148,0.300154441,0.2487662
30/07/2022 16:19,226.4725519,208.0487173,9.512731472,3.992793614,224.6219228,227.0444926,96.81131431,352.1746443,9.012949223,9.575023859,9.402458554,5.536630117,2.649785794,2.526613895,0.796870485,2.5022348,0.29098942,0.241814571
30/07/2022 17:19,225.9287014,204.4230283,9.911310535,3.762101847,224.3142896,226.132579,353.0044697,102.4090588,9.480228577,9.97571112,5.709456428,9.915633355,2.834755493,2.733205973,0.749235338,2.715267707,0.246916451,0.21263344
30/07/2022 18:19,225.6045884,199.6876587,9.915847576,3.592502366,224.0945515,225.6711288,349.653457,102.7441598,9.562936603,9.968290986,5.678073645,9.931987763,2.822918845,2.742543468,0.664767067,2.724977771,0.232562411,0.190325388
30/07/2022 19:19,224.7805725,196.4574994,9.941935563,3.599796967,223.0507959,224.8910582,349.5161205,102.9089635,9.566925061,9.997147064,5.680725711,9.923147543,2.79977555,2.715260474,0.678933653,2.70055549,0.220364846,0.185730243
30/07/2022 20:19,226.0935046,189.6730662,9.904958678,2.683595039,225.5448225,227.5883446,344.2753565,173.9393823,9.783351393,9.872653697,5.484914827,27.58458213,2.624522502,2.600730262,0.329018969,2.510620764,0.146909897,0.002277935
30/07/2022 21:19,225.4397852,182.1470147,9.922426286,2.657881569,224.8141936,226.9840646,344.2094349,173.3735561,9.795526686,9.875127075,5.467234386,27.57750995,2.595549216,2.571112895,0.325654405,2.478401007,0.139497012,0.002277935
